abono_id,cliente_id,fecha_abono,tipo_cajita,monto_abono_cop
K00004,C00001,2026-01-14,Vivienda,300000
K00005,C00001,2026-04-16,Vivienda,200000
K00009,C00001,2026-05-25,Vivienda,100000
K00008,C00001,2026-06-16,Vivienda,150000
K00010,C00001,2026-07-16,Vivienda,300000
K00006,C00001,2026-09-17,Vivienda,50000
K00007,C00001,2026-10-07,Vivienda,150000
K00013,C00002,2025-11-08,Viajes,100000
K00011,C00002,2026-04-25,Viajes,150000
K00012,C00002,2026-05-17,Viajes,500000
K00014,C00002,2026-08-22,Viajes,300000
K00017,C00004,2025-12-13,Otras,200000
K00015,C00004,2026-09-03,Otras,50000
K00023,C00005,2025-12-03,Emergencias,200000
K00018,C00005,2026-01-19,Emergencias,500000
K00022,C00005,2026-04-24,Emergencias,100000
K00019,C00005,2026-05-20,Emergencias,100000
K00020,C00005,2026-06-20,Emergencias,50000
K00021,C00005,2026-07-02,Emergencias,300000
K00024,C00006,2025-11-20,Otras,150000
K00027,C00006,2025-12-15,Otras,200000
K00028,C00006,2026-01-23,Otras,200000
K00029,C00006,2026-02-02,Otras,300000
K00026,C00006,2026-05-08,Otras,50000
K00025,C00006,2026-06-20,Otras,500000
K00030,C00006,2026-08-05,Otras,100000
K00031,C00007,2026-02-03,Emergencias,300000
K00032,C00007,2026-04-09,Emergencias,300000
K00033,C00007,2026-05-10,Emergencias,150000
K00034,C00007,2026-06-24,Emergencias,300000
K00036,C00008,2025-11-06,Viajes,150000
K00038,C00008,2025-12-23,Viajes,50000
K00035,C00008,2026-02-04,Viajes,100000
K00037,C00008,2026-05-03,Viajes,500000
K00039,C00009,2025-11-09,Otras,150000
K00040,C00009,2026-03-02,Otras,300000
K00041,C00009,2026-09-14,Otras,150000
K00042,C00010,2025-11-14,Viajes,50000
K00043,C00010,2026-07-15,Viajes,50000
K00045,C00011,2025-11-22,Viajes,50000
K00046,C00012,2026-01-02,Viajes,50000
K00047,C00012,2026-06-08,Viajes,100000
K00048,C00014,2025-12-16,Viajes,150000
K00051,C00014,2026-02-09,Viajes,50000
K00052,C00014,2026-04-12,Viajes,150000
K00049,C00014,2026-05-25,Viajes,50000
K00050,C00014,2026-07-09,Viajes,50000
K00053,C00014,2026-10-07,Viajes,150000
K00055,C00015,2025-12-20,Emergencias,500000
K00056,C00015,2026-01-17,Emergencias,500000
K00054,C00015,2026-03-25,Emergencias,150000
K00058,C00015,2026-05-10,Emergencias,200000
K00059,C00015,2026-06-09,Emergencias,300000
K00057,C00015,2026-10-03,Emergencias,100000
K00060,C00016,2025-12-19,Emergencias,500000
K00064,C00017,2025-11-19,Emergencias,200000
K00062,C00017,2026-01-02,Emergencias,150000
K00066,C00017,2026-03-15,Emergencias,200000
K00065,C00017,2026-06-23,Emergencias,50000
K00067,C00019,2026-01-02,Emergencias,50000
K00068,C00019,2026-08-19,Emergencias,100000
K00075,C00020,2025-11-13,Emergencias,150000
K00070,C00020,2026-02-08,Emergencias,300000
K00073,C00020,2026-03-17,Emergencias,150000
K00071,C00020,2026-07-04,Emergencias,500000
K00072,C00020,2026-08-16,Emergencias,150000
K00079,C00021,2026-02-14,Vivienda,100000
K00082,C00021,2026-03-15,Vivienda,100000
K00076,C00021,2026-04-01,Vivienda,500000
K00080,C00021,2026-05-07,Vivienda,100000
K00078,C00021,2026-06-20,Vivienda,150000
K00077,C00021,2026-07-05,Vivienda,100000
K00081,C00021,2026-08-23,Vivienda,500000
K00088,C00023,2025-11-03,Viajes,50000
K00085,C00023,2025-12-11,Viajes,200000
K00084,C00023,2026-01-03,Viajes,500000
K00083,C00023,2026-08-20,Viajes,200000
K00087,C00023,2026-09-23,Viajes,500000
K00086,C00023,2026-10-01,Viajes,200000
K00090,C00024,2026-05-19,Otras,200000
K00091,C00024,2026-06-24,Otras,150000
K00092,C00024,2026-07-21,Otras,200000
K00089,C00024,2026-09-15,Otras,300000
K00094,C00025,2025-12-01,Viajes,100000
K00093,C00025,2026-03-20,Viajes,500000
K00095,C00025,2026-09-01,Viajes,300000
K00096,C00026,2025-11-15,Mascotas,500000
K00101,C00026,2026-01-21,Mascotas,50000
K00100,C00026,2026-03-18,Mascotas,100000
K00098,C00026,2026-04-02,Mascotas,500000
K00099,C00026,2026-07-15,Mascotas,150000
K00097,C00026,2026-09-25,Mascotas,150000
K00104,C00027,2025-11-19,Emergencias,50000
K00102,C00027,2026-04-04,Emergencias,200000
K00103,C00027,2026-07-23,Emergencias,100000
K00106,C00027,2026-09-20,Emergencias,300000
K00107,C00029,2026-01-04,Mascotas,500000
K00110,C00029,2026-02-08,Mascotas,500000
K00109,C00029,2026-03-24,Mascotas,50000
K00108,C00029,2026-05-09,Mascotas,500000
K00112,C00030,2026-01-05,Viajes,50000
K00113,C00030,2026-02-04,Viajes,500000
K00114,C00030,2026-03-05,Viajes,100000
K00111,C00030,2026-04-07,Viajes,100000
K00115,C00030,2026-07-18,Viajes,150000
K00117,C00031,2026-01-17,Viajes,200000
K00118,C00031,2026-03-08,Viajes,50000
K00119,C00031,2026-05-02,Viajes,500000
K00116,C00031,2026-07-06,Viajes,500000
K00123,C00032,2026-05-05,Emergencias,50000
K00120,C00032,2026-06-05,Emergencias,50000
K00122,C00032,2026-07-20,Emergencias,300000
K00121,C00032,2026-08-04,Emergencias,300000
K00124,C00033,2025-11-22,Mascotas,500000
K00129,C00033,2025-12-01,Mascotas,150000
K00125,C00033,2026-02-25,Mascotas,150000
K00128,C00033,2026-04-10,Mascotas,100000
K00130,C00033,2026-06-20,Mascotas,100000
K00126,C00033,2026-07-10,Mascotas,300000
K00131,C00036,2025-11-02,Viajes,300000
K00135,C00036,2026-02-09,Viajes,200000
K00132,C00036,2026-03-10,Viajes,150000
K00133,C00036,2026-08-06,Viajes,150000
K00134,C00036,2026-09-13,Viajes,500000
K00141,C00037,2025-11-07,Vivienda,300000
K00142,C00037,2026-01-14,Vivienda,300000
K00138,C00037,2026-04-23,Vivienda,300000
K00140,C00037,2026-06-17,Vivienda,150000
K00137,C00037,2026-07-22,Vivienda,50000
K00144,C00038,2025-11-05,Emergencias,300000
K00147,C00038,2026-01-23,Emergencias,500000
K00143,C00038,2026-03-04,Emergencias,150000
K00145,C00038,2026-04-25,Emergencias,300000
K00146,C00038,2026-05-02,Emergencias,500000
K00148,C00038,2026-08-21,Emergencias,200000
K00150,C00039,2026-05-02,Otras,50000
K00151,C00039,2026-06-21,Otras,100000
K00149,C00039,2026-08-18,Otras,500000
K00153,C00039,2026-09-10,Otras,200000
K00155,C00040,2025-11-09,Viajes,50000
K00156,C00040,2025-12-14,Viajes,500000
K00154,C00040,2026-03-01,Viajes,150000
K00160,C00040,2026-05-16,Viajes,300000
K00157,C00040,2026-06-18,Viajes,300000
K00159,C00040,2026-07-18,Viajes,200000
K00158,C00040,2026-10-03,Viajes,150000
K00161,C00043,2025-12-13,Mascotas,100000
K00164,C00043,2026-02-17,Mascotas,500000
K00162,C00043,2026-06-04,Mascotas,100000
K00165,C00044,2026-06-25,Otras,200000
K00166,C00044,2026-09-17,Otras,500000
K00168,C00045,2026-04-07,Vivienda,100000
K00169,C00045,2026-06-15,Vivienda,100000
K00167,C00045,2026-08-22,Vivienda,200000
K00174,C00046,2025-11-06,Vivienda,300000
K00173,C00046,2026-01-04,Vivienda,150000
K00170,C00046,2026-02-12,Vivienda,100000
K00171,C00046,2026-07-09,Vivienda,300000
K00172,C00046,2026-10-04,Vivienda,100000
K00176,C00047,2025-11-16,Otras,200000
K00175,C00047,2026-03-07,Otras,150000
K00177,C00049,2026-03-02,Emergencias,50000
K00179,C00049,2026-04-02,Emergencias,150000
K00178,C00049,2026-05-22,Emergencias,50000
K00180,C00049,2026-07-01,Emergencias,150000
K00187,C00052,2025-12-09,Emergencias,50000
K00181,C00052,2026-02-03,Emergencias,200000
K00184,C00052,2026-03-08,Emergencias,150000
K00182,C00052,2026-04-02,Emergencias,500000
K00186,C00052,2026-05-08,Emergencias,300000
K00183,C00052,2026-06-21,Emergencias,200000
K00185,C00052,2026-10-03,Emergencias,300000
K00191,C00053,2025-11-04,Emergencias,200000
K00190,C00053,2026-02-16,Emergencias,50000
K00188,C00053,2026-03-21,Emergencias,150000
K00189,C00053,2026-07-02,Emergencias,100000
K00192,C00055,2025-11-08,Viajes,200000
K00193,C00055,2025-12-19,Viajes,300000
K00197,C00055,2026-02-14,Viajes,500000
K00195,C00055,2026-03-20,Viajes,150000
K00194,C00055,2026-04-13,Viajes,50000
K00196,C00055,2026-08-16,Viajes,500000
K00202,C00056,2025-12-01,Emergencias,200000
K00199,C00056,2026-02-01,Emergencias,200000
K00201,C00056,2026-07-04,Emergencias,500000
K00198,C00056,2026-08-09,Emergencias,200000
K00200,C00056,2026-09-16,Emergencias,100000
K00204,C00057,2026-05-17,Viajes,200000
K00203,C00057,2026-09-20,Viajes,150000
K00206,C00060,2026-02-12,Emergencias,150000
K00205,C00060,2026-04-11,Emergencias,500000
K00207,C00061,2026-01-12,Vivienda,150000
K00210,C00061,2026-02-09,Vivienda,300000
K00208,C00061,2026-03-16,Vivienda,150000
K00211,C00062,2025-12-03,Otras,500000
K00212,C00062,2026-09-12,Otras,100000
K00217,C00063,2025-12-03,Otras,150000
K00215,C00063,2026-01-17,Otras,100000
K00214,C00063,2026-03-05,Otras,150000
K00213,C00063,2026-04-04,Otras,300000
K00216,C00063,2026-05-08,Otras,500000
K00218,C00065,2026-01-13,Emergencias,200000
K00221,C00065,2026-02-08,Emergencias,500000
K00220,C00065,2026-03-06,Emergencias,200000
K00224,C00065,2026-05-05,Emergencias,500000
K00219,C00065,2026-08-17,Emergencias,500000
K00223,C00065,2026-09-16,Emergencias,150000
K00228,C00069,2025-11-04,Otras,50000
K00229,C00069,2025-12-11,Otras,100000
K00231,C00069,2026-01-07,Otras,50000
K00225,C00069,2026-04-12,Otras,200000
K00227,C00069,2026-05-22,Otras,500000
K00230,C00069,2026-09-14,Otras,300000
K00233,C00070,2026-01-17,Viajes,300000
K00232,C00070,2026-03-02,Viajes,200000
K00234,C00071,2025-12-01,Mascotas,500000
K00235,C00071,2026-05-03,Mascotas,100000
K00236,C00071,2026-06-07,Mascotas,100000
K00240,C00072,2025-12-10,Otras,200000
K00237,C00072,2026-04-09,Otras,100000
K00238,C00072,2026-05-07,Otras,200000
K00239,C00072,2026-08-03,Otras,150000
K00242,C00073,2026-05-11,Vivienda,150000
K00244,C00076,2025-11-07,Vivienda,200000
K00245,C00076,2026-01-02,Vivienda,150000
K00243,C00076,2026-03-05,Vivienda,300000
K00247,C00077,2025-11-14,Vivienda,500000
K00249,C00077,2026-03-02,Vivienda,500000
K00246,C00077,2026-04-06,Vivienda,200000
K00248,C00077,2026-05-22,Vivienda,500000
K00250,C00077,2026-06-09,Vivienda,100000
K00251,C00077,2026-07-13,Vivienda,500000
K00252,C00077,2026-09-23,Vivienda,100000
K00254,C00080,2025-11-25,Vivienda,200000
K00255,C00080,2026-01-19,Vivienda,50000
K00257,C00080,2026-02-06,Vivienda,50000
K00258,C00080,2026-05-03,Vivienda,150000
K00253,C00080,2026-09-16,Vivienda,150000
K00259,C00083,2026-01-03,Vivienda,500000
K00261,C00083,2026-03-05,Vivienda,500000
K00260,C00083,2026-06-07,Vivienda,500000
K00265,C00084,2025-11-02,Otras,500000
K00262,C00084,2025-12-24,Otras,300000
K00264,C00084,2026-02-09,Otras,100000
K00263,C00084,2026-04-04,Otras,50000
K00266,C00084,2026-05-10,Otras,150000
K00269,C00085,2025-11-23,Mascotas,500000
K00271,C00085,2026-01-09,Mascotas,100000
K00272,C00085,2026-02-05,Mascotas,150000
K00268,C00085,2026-03-21,Mascotas,200000
K00270,C00085,2026-06-22,Mascotas,300000
K00267,C00085,2026-07-06,Mascotas,200000
K00274,C00086,2026-06-18,Viajes,200000
K00273,C00086,2026-07-15,Viajes,50000
K00277,C00089,2026-01-11,Otras,100000
K00276,C00089,2026-07-20,Otras,50000
K00275,C00089,2026-10-08,Otras,500000
K00280,C00090,2026-01-06,Mascotas,500000
K00278,C00090,2026-03-25,Mascotas,200000
K00281,C00090,2026-04-14,Mascotas,100000
K00279,C00090,2026-08-01,Mascotas,300000
K00282,C00090,2026-09-06,Mascotas,150000
K00285,C00092,2026-01-13,Viajes,150000
K00288,C00092,2026-02-17,Viajes,300000
K00284,C00092,2026-03-08,Viajes,300000
K00286,C00092,2026-04-02,Viajes,100000
K00289,C00092,2026-05-23,Viajes,200000
K00290,C00092,2026-09-14,Viajes,100000
K00293,C00093,2026-01-19,Emergencias,300000
K00292,C00093,2026-07-09,Emergencias,150000
K00291,C00093,2026-10-08,Emergencias,150000
K00295,C00094,2026-05-12,Otras,500000
K00297,C00094,2026-07-18,Otras,500000
K00294,C00094,2026-08-09,Otras,150000
K00296,C00094,2026-09-03,Otras,50000
K00299,C00095,2025-11-21,Mascotas,100000
K00300,C00095,2026-02-03,Mascotas,300000
K00298,C00095,2026-07-04,Mascotas,100000
K00301,C00095,2026-10-06,Mascotas,150000
K00305,C00096,2026-01-03,Viajes,500000
K00303,C00096,2026-03-02,Viajes,300000
K00304,C00096,2026-06-11,Viajes,200000
K00302,C00096,2026-07-23,Viajes,300000
K00306,C00100,2025-11-02,Viajes,200000
K00307,C00100,2026-04-17,Viajes,500000
K00308,C00100,2026-07-06,Viajes,150000
K00310,C00102,2026-04-10,Vivienda,500000
K00309,C00102,2026-06-03,Vivienda,200000
K00311,C00102,2026-07-01,Vivienda,500000
K00313,C00102,2026-09-12,Vivienda,300000
K00316,C00103,2025-11-22,Mascotas,50000
K00320,C00103,2026-01-07,Mascotas,100000
K00315,C00103,2026-03-15,Mascotas,100000
K00314,C00103,2026-05-22,Mascotas,300000
K00317,C00103,2026-06-11,Mascotas,300000
K00318,C00103,2026-07-24,Mascotas,100000
K00319,C00103,2026-08-20,Mascotas,150000
K00321,C00106,2026-02-09,Vivienda,50000
K00322,C00106,2026-03-21,Vivienda,200000
K00325,C00107,2026-01-07,Otras,150000
K00323,C00107,2026-02-21,Otras,200000
K00326,C00107,2026-07-11,Otras,50000
K00324,C00107,2026-08-14,Otras,200000
K00330,C00108,2025-12-15,Viajes,100000
K00327,C00108,2026-01-10,Viajes,500000
K00328,C00108,2026-02-08,Viajes,300000
K00329,C00108,2026-05-19,Viajes,200000
K00331,C00112,2025-11-13,Emergencias,200000
K00332,C00112,2026-01-01,Emergencias,150000
K00333,C00112,2026-02-01,Emergencias,500000
K00336,C00112,2026-04-16,Emergencias,300000
K00335,C00112,2026-05-13,Emergencias,150000
K00334,C00112,2026-09-16,Emergencias,500000
K00337,C00112,2026-10-08,Emergencias,150000
K00339,C00113,2026-01-23,Vivienda,200000
K00338,C00113,2026-06-07,Vivienda,300000
K00341,C00114,2025-11-04,Viajes,300000
K00340,C00114,2025-12-23,Viajes,150000
K00344,C00115,2026-01-05,Otras,200000
K00342,C00115,2026-02-09,Otras,200000
K00345,C00115,2026-03-19,Otras,500000
K00346,C00115,2026-05-07,Otras,50000
K00343,C00115,2026-09-02,Otras,150000
K00348,C00116,2026-03-14,Emergencias,150000
K00349,C00116,2026-05-07,Emergencias,100000
K00347,C00116,2026-07-01,Emergencias,50000
K00351,C00117,2025-11-20,Emergencias,300000
K00352,C00117,2025-12-04,Emergencias,50000
K00350,C00117,2026-03-06,Emergencias,50000
K00359,C00118,2025-11-08,Emergencias,200000
K00358,C00118,2025-12-08,Emergencias,100000
K00357,C00118,2026-02-18,Emergencias,100000
K00356,C00118,2026-05-19,Emergencias,300000
K00355,C00118,2026-06-02,Emergencias,100000
K00354,C00118,2026-08-16,Emergencias,200000
K00353,C00118,2026-10-08,Emergencias,500000
K00360,C00119,2025-11-13,Viajes,100000
K00363,C00119,2026-02-12,Viajes,500000
K00364,C00119,2026-06-23,Viajes,500000
K00361,C00119,2026-08-11,Viajes,500000
K00362,C00119,2026-09-24,Viajes,100000
K00365,C00119,2026-10-01,Viajes,100000
K00372,C00120,2025-11-25,Otras,500000
K00371,C00120,2026-02-10,Otras,50000
K00369,C00120,2026-03-15,Otras,200000
K00370,C00120,2026-04-19,Otras,150000
K00367,C00120,2026-05-23,Otras,100000
K00368,C00120,2026-07-07,Otras,500000
K00366,C00120,2026-09-18,Otras,50000
K00374,C00121,2026-05-07,Otras,500000
K00373,C00121,2026-09-12,Otras,50000
K00375,C00122,2025-11-14,Viajes,200000
K00378,C00122,2025-12-22,Viajes,100000
K00381,C00122,2026-01-04,Viajes,150000
K00380,C00122,2026-02-03,Viajes,300000
K00376,C00122,2026-03-18,Viajes,200000
K00379,C00122,2026-08-17,Viajes,200000
K00382,C00123,2025-11-14,Emergencias,500000
K00383,C00123,2025-12-07,Emergencias,50000
K00385,C00123,2026-07-25,Emergencias,200000
K00386,C00123,2026-08-17,Emergencias,300000
K00384,C00123,2026-09-12,Emergencias,500000
K00389,C00124,2026-03-13,Vivienda,150000
K00388,C00124,2026-06-15,Vivienda,50000
K00394,C00126,2026-02-03,Viajes,150000
K00391,C00126,2026-03-21,Viajes,300000
K00395,C00126,2026-04-21,Viajes,100000
K00392,C00126,2026-05-06,Viajes,300000
K00393,C00126,2026-07-05,Viajes,300000
K00390,C00126,2026-09-04,Viajes,200000
K00401,C00127,2025-12-10,Vivienda,200000
K00400,C00127,2026-03-22,Vivienda,100000
K00397,C00127,2026-04-13,Vivienda,100000
K00398,C00127,2026-05-06,Vivienda,50000
K00399,C00127,2026-08-23,Vivienda,300000
K00396,C00127,2026-09-08,Vivienda,50000
K00402,C00128,2025-12-13,Mascotas,150000
K00404,C00128,2026-02-02,Mascotas,200000
K00405,C00128,2026-05-04,Mascotas,200000
K00403,C00128,2026-06-03,Mascotas,50000
K00407,C00131,2026-06-23,Mascotas,300000
K00406,C00131,2026-08-06,Mascotas,150000
K00412,C00133,2025-11-10,Viajes,500000
K00408,C00133,2026-01-04,Viajes,100000
K00413,C00133,2026-03-06,Viajes,100000
K00409,C00133,2026-08-23,Viajes,500000
K00410,C00133,2026-09-18,Viajes,50000
K00416,C00134,2026-02-20,Viajes,150000
K00417,C00134,2026-05-12,Viajes,200000
K00415,C00134,2026-06-22,Viajes,150000
K00414,C00134,2026-09-09,Viajes,50000
K00421,C00135,2025-11-19,Viajes,200000
K00422,C00135,2025-12-16,Viajes,200000
K00418,C00135,2026-02-12,Viajes,300000
K00424,C00135,2026-03-25,Viajes,150000
K00419,C00135,2026-04-21,Viajes,300000
K00423,C00135,2026-08-18,Viajes,150000
K00427,C00137,2026-06-23,Otras,150000
K00425,C00137,2026-07-20,Otras,150000
K00426,C00137,2026-09-02,Otras,150000
K00429,C00138,2026-05-06,Viajes,500000
K00428,C00138,2026-06-01,Viajes,100000
K00434,C00139,2026-01-08,Mascotas,500000
K00436,C00139,2026-02-25,Mascotas,150000
K00433,C00139,2026-03-11,Mascotas,50000
K00432,C00139,2026-04-01,Mascotas,150000
K00435,C00139,2026-06-05,Mascotas,500000
K00431,C00139,2026-07-14,Mascotas,100000
K00430,C00139,2026-08-22,Mascotas,300000
K00440,C00140,2025-11-22,Vivienda,200000
K00438,C00140,2026-02-06,Vivienda,150000
K00437,C00140,2026-07-07,Vivienda,300000
K00439,C00140,2026-08-09,Vivienda,500000
K00443,C00141,2026-02-11,Emergencias,500000
K00442,C00141,2026-03-07,Emergencias,300000
K00444,C00141,2026-07-23,Emergencias,500000
K00449,C00142,2025-11-22,Viajes,100000
K00450,C00142,2026-01-10,Viajes,500000
K00445,C00142,2026-02-02,Viajes,300000
K00451,C00142,2026-03-11,Viajes,500000
K00446,C00142,2026-06-01,Viajes,300000
K00447,C00142,2026-07-22,Viajes,200000
K00448,C00142,2026-08-02,Viajes,500000
K00456,C00144,2025-11-12,Emergencias,300000
K00453,C00144,2025-12-09,Emergencias,300000
K00454,C00144,2026-06-15,Emergencias,50000
K00455,C00144,2026-08-05,Emergencias,200000
K00452,C00144,2026-09-22,Emergencias,100000
K00462,C00146,2025-12-19,Emergencias,50000
K00458,C00146,2026-01-19,Emergencias,300000
K00463,C00146,2026-02-08,Emergencias,100000
K00459,C00146,2026-05-19,Emergencias,100000
K00460,C00146,2026-07-17,Emergencias,500000
K00457,C00146,2026-09-13,Emergencias,50000
K00465,C00148,2026-02-15,Emergencias,50000
K00467,C00148,2026-06-20,Emergencias,500000
K00464,C00148,2026-08-17,Emergencias,150000
K00466,C00148,2026-10-04,Emergencias,150000
K00470,C00149,2025-11-08,Mascotas,300000
K00471,C00149,2026-03-06,Mascotas,300000
K00468,C00149,2026-06-02,Mascotas,100000
K00469,C00149,2026-08-10,Mascotas,300000
K00472,C00150,2025-12-15,Vivienda,150000
K00473,C00150,2026-04-14,Vivienda,300000
K00475,C00151,2026-04-17,Otras,50000
K00476,C00151,2026-07-14,Otras,500000
K00478,C00154,2025-11-11,Otras,100000
K00481,C00154,2025-12-12,Otras,300000
K00479,C00154,2026-04-22,Otras,200000
K00482,C00154,2026-05-16,Otras,300000
K00480,C00154,2026-07-05,Otras,100000
K00484,C00155,2025-11-01,Emergencias,200000
K00488,C00155,2025-12-20,Emergencias,200000
K00486,C00155,2026-02-25,Emergencias,100000
K00483,C00155,2026-04-21,Emergencias,500000
K00485,C00155,2026-06-18,Emergencias,300000
K00487,C00155,2026-09-13,Emergencias,500000
K00492,C00157,2025-11-03,Emergencias,200000
K00491,C00157,2026-01-25,Emergencias,150000
K00490,C00157,2026-05-16,Emergencias,200000
K00493,C00157,2026-07-10,Emergencias,200000
K00489,C00157,2026-08-05,Emergencias,100000
K00496,C00162,2025-12-21,Mascotas,200000
K00495,C00162,2026-03-12,Mascotas,150000
K00497,C00162,2026-08-18,Mascotas,500000
K00498,C00162,2026-09-03,Mascotas,300000
K00494,C00162,2026-10-05,Mascotas,50000
K00500,C00163,2025-11-20,Emergencias,200000
K00499,C00163,2026-06-13,Emergencias,300000
K00506,C00164,2025-12-05,Emergencias,500000
K00501,C00164,2026-01-14,Emergencias,50000
K00503,C00164,2026-02-10,Emergencias,150000
K00505,C00164,2026-03-20,Emergencias,50000
K00502,C00164,2026-07-19,Emergencias,50000
K00507,C00164,2026-08-06,Emergencias,300000
K00504,C00164,2026-09-04,Emergencias,200000
K00512,C00165,2025-11-11,Vivienda,200000
K00514,C00165,2025-12-21,Vivienda,300000
K00509,C00165,2026-02-01,Vivienda,200000
K00513,C00165,2026-03-17,Vivienda,300000
K00508,C00165,2026-06-08,Vivienda,150000
K00511,C00165,2026-07-03,Vivienda,50000
K00516,C00166,2026-05-09,Vivienda,500000
K00515,C00166,2026-07-05,Vivienda,200000
K00517,C00167,2025-11-07,Otras,50000
K00518,C00167,2026-10-04,Otras,100000
K00521,C00169,2026-03-25,Otras,50000
K00523,C00169,2026-04-03,Otras,200000
K00519,C00169,2026-05-06,Otras,50000
K00522,C00169,2026-06-13,Otras,50000
K00520,C00169,2026-08-15,Otras,300000
K00526,C00170,2025-11-06,Mascotas,300000
K00525,C00170,2026-02-11,Mascotas,500000
K00524,C00170,2026-09-09,Mascotas,500000
K00530,C00172,2025-11-05,Otras,500000
K00527,C00172,2025-12-10,Otras,200000
K00533,C00172,2026-02-17,Otras,100000
K00532,C00172,2026-03-16,Otras,150000
K00531,C00172,2026-04-07,Otras,500000
K00529,C00172,2026-06-18,Otras,500000
K00528,C00172,2026-08-13,Otras,200000
K00537,C00174,2026-01-23,Emergencias,200000
K00536,C00174,2026-02-11,Emergencias,50000
K00534,C00174,2026-03-15,Emergencias,150000
K00535,C00174,2026-08-18,Emergencias,50000
K00540,C00176,2025-11-18,Viajes,150000
K00542,C00176,2026-01-22,Viajes,100000
K00538,C00176,2026-06-22,Viajes,150000
K00541,C00176,2026-08-23,Viajes,50000
K00539,C00176,2026-09-09,Viajes,50000
K00545,C00177,2025-12-02,Emergencias,200000
K00544,C00177,2026-04-25,Emergencias,100000
K00546,C00177,2026-05-16,Emergencias,50000
K00549,C00178,2026-02-23,Viajes,50000
K00547,C00178,2026-09-20,Viajes,50000
K00552,C00179,2025-12-20,Viajes,200000
K00551,C00179,2026-01-16,Viajes,500000
K00550,C00179,2026-08-07,Viajes,100000
K00554,C00179,2026-09-19,Viajes,300000
K00559,C00180,2025-11-05,Mascotas,200000
K00555,C00180,2025-12-16,Mascotas,100000
K00556,C00180,2026-02-19,Mascotas,150000
K00558,C00180,2026-03-09,Mascotas,50000
K00557,C00180,2026-07-22,Mascotas,50000
K00562,C00183,2025-11-19,Otras,150000
K00563,C00183,2025-12-25,Otras,300000
K00561,C00183,2026-04-24,Otras,300000
K00565,C00184,2025-12-11,Viajes,300000
K00566,C00184,2026-02-05,Viajes,300000
K00569,C00184,2026-04-03,Viajes,200000
K00567,C00184,2026-06-11,Viajes,100000
K00568,C00184,2026-08-12,Viajes,200000
K00572,C00185,2026-02-11,Vivienda,500000
K00574,C00185,2026-03-14,Vivienda,300000
K00575,C00185,2026-04-18,Vivienda,50000
K00571,C00185,2026-05-18,Vivienda,300000
K00573,C00185,2026-08-24,Vivienda,500000
K00576,C00185,2026-09-17,Vivienda,500000
K00578,C00186,2026-06-24,Emergencias,100000
K00577,C00186,2026-07-17,Emergencias,150000
K00579,C00186,2026-08-10,Emergencias,100000
K00582,C00189,2026-01-13,Viajes,300000
K00583,C00189,2026-02-25,Viajes,150000
K00585,C00189,2026-03-14,Viajes,200000
K00586,C00189,2026-04-05,Viajes,200000
K00584,C00189,2026-05-02,Viajes,150000
K00580,C00189,2026-06-08,Viajes,100000
K00581,C00189,2026-08-20,Viajes,50000
K00592,C00191,2026-01-23,Mascotas,100000
K00588,C00191,2026-02-02,Mascotas,200000
K00589,C00191,2026-06-24,Mascotas,100000
K00587,C00191,2026-07-11,Mascotas,150000
K00590,C00191,2026-08-14,Mascotas,100000
K00591,C00191,2026-09-19,Mascotas,150000
K00596,C00195,2025-12-18,Otras,300000
K00595,C00195,2026-02-20,Otras,500000
K00594,C00195,2026-06-10,Otras,200000
K00593,C00195,2026-09-17,Otras,500000
K00600,C00196,2025-12-04,Otras,100000
K00601,C00196,2026-02-19,Otras,200000
K00597,C00196,2026-05-13,Otras,500000
K00599,C00196,2026-06-06,Otras,150000
K00604,C00197,2026-02-09,Viajes,500000
K00605,C00197,2026-06-23,Viajes,150000
K00603,C00197,2026-08-25,Viajes,150000
K00602,C00197,2026-09-05,Viajes,200000
K00609,C00198,2025-12-19,Vivienda,50000
K00606,C00198,2026-02-19,Vivienda,300000
K00610,C00198,2026-03-13,Vivienda,50000
K00612,C00198,2026-05-08,Vivienda,150000
K00608,C00198,2026-06-03,Vivienda,150000
K00611,C00198,2026-07-13,Vivienda,500000
K00607,C00198,2026-08-22,Vivienda,300000
K00614,C00199,2025-11-07,Emergencias,50000
K00615,C00199,2026-01-15,Emergencias,200000
K00613,C00199,2026-05-14,Emergencias,50000
K00616,C00199,2026-09-12,Emergencias,500000
K00620,C00200,2025-12-23,Viajes,200000
K00618,C00200,2026-05-16,Viajes,300000
K00619,C00200,2026-06-12,Viajes,150000
K00617,C00200,2026-07-11,Viajes,100000
K00621,C00200,2026-08-20,Viajes,50000
K00622,C00200,2026-10-03,Viajes,200000
K00626,C00201,2025-11-22,Mascotas,50000
K00625,C00201,2025-12-18,Mascotas,300000
K00628,C00201,2026-01-02,Mascotas,300000
K00627,C00201,2026-05-02,Mascotas,150000
K00624,C00201,2026-07-22,Mascotas,300000
K00623,C00201,2026-08-19,Mascotas,200000
K00629,C00201,2026-10-03,Mascotas,100000
K00632,C00202,2026-02-18,Emergencias,500000
K00634,C00202,2026-03-11,Emergencias,300000
K00633,C00202,2026-04-09,Emergencias,150000
K00636,C00202,2026-05-17,Emergencias,100000
K00631,C00202,2026-06-22,Emergencias,300000
K00635,C00202,2026-07-12,Emergencias,100000
K00630,C00202,2026-10-03,Emergencias,200000
K00641,C00203,2025-12-10,Otras,300000
K00639,C00203,2026-03-02,Otras,150000
K00637,C00203,2026-05-24,Otras,100000
K00638,C00203,2026-08-02,Otras,50000
K00642,C00204,2025-11-18,Viajes,200000
K00643,C00204,2025-12-07,Viajes,100000
K00648,C00207,2025-11-09,Viajes,100000
K00644,C00207,2025-12-05,Viajes,100000
K00645,C00207,2026-01-24,Viajes,150000
K00647,C00207,2026-03-23,Viajes,200000
K00646,C00207,2026-06-08,Viajes,200000
K00650,C00208,2026-01-06,Vivienda,500000
K00649,C00208,2026-04-23,Vivienda,200000
K00652,C00209,2025-11-14,Emergencias,100000
K00654,C00209,2026-01-01,Emergencias,100000
K00651,C00209,2026-02-10,Emergencias,500000
K00655,C00209,2026-03-21,Emergencias,200000
K00653,C00209,2026-08-07,Emergencias,300000
K00656,C00209,2026-09-13,Emergencias,200000
K00657,C00210,2025-11-04,Viajes,50000
K00658,C00210,2026-07-01,Viajes,300000
K00660,C00213,2025-12-03,Otras,100000
K00659,C00213,2026-06-06,Otras,200000
K00663,C00214,2026-01-10,Mascotas,300000
K00665,C00214,2026-03-23,Mascotas,100000
K00661,C00214,2026-04-24,Mascotas,100000
K00666,C00214,2026-05-20,Mascotas,300000
K00667,C00214,2026-06-08,Mascotas,300000
K00662,C00214,2026-09-09,Mascotas,500000
K00664,C00214,2026-10-07,Mascotas,50000
K00669,C00217,2026-02-22,Viajes,50000
K00670,C00217,2026-03-02,Viajes,50000
K00671,C00217,2026-07-18,Viajes,150000
K00672,C00218,2025-12-22,Mascotas,100000
K00673,C00218,2026-01-11,Mascotas,150000
K00674,C00218,2026-08-13,Mascotas,50000
K00675,C00218,2026-09-23,Mascotas,300000
K00680,C00220,2025-12-21,Mascotas,200000
K00678,C00220,2026-01-09,Mascotas,100000
K00681,C00220,2026-02-24,Mascotas,150000
K00677,C00220,2026-04-19,Mascotas,300000
K00683,C00220,2026-05-18,Mascotas,50000
K00682,C00220,2026-06-05,Mascotas,50000
K00679,C00220,2026-10-05,Mascotas,100000
K00685,C00221,2026-02-23,Emergencias,200000
K00686,C00221,2026-05-23,Emergencias,100000
K00684,C00221,2026-08-07,Emergencias,100000
K00688,C00222,2026-07-03,Viajes,300000
K00689,C00223,2026-07-21,Emergencias,100000
K00690,C00223,2026-08-04,Emergencias,150000
K00692,C00225,2025-11-08,Mascotas,100000
K00693,C00225,2025-12-17,Mascotas,50000
K00694,C00225,2026-04-15,Mascotas,50000
K00691,C00225,2026-06-17,Mascotas,150000
K00695,C00225,2026-07-19,Mascotas,200000
K00696,C00228,2025-11-23,Otras,300000
K00699,C00229,2026-02-21,Vivienda,300000
K00698,C00229,2026-05-05,Vivienda,100000
K00700,C00229,2026-07-24,Vivienda,100000
K00701,C00229,2026-08-04,Vivienda,150000
K00703,C00230,2026-01-06,Viajes,150000
K00706,C00230,2026-03-15,Viajes,100000
K00705,C00230,2026-05-22,Viajes,200000
K00707,C00230,2026-07-10,Viajes,150000
K00711,C00232,2025-11-24,Otras,100000
K00710,C00232,2025-12-07,Otras,500000
K00712,C00232,2026-01-19,Otras,50000
K00709,C00232,2026-02-13,Otras,500000
K00713,C00232,2026-04-23,Otras,300000
K00715,C00233,2025-11-18,Viajes,150000
K00717,C00233,2025-12-06,Viajes,200000
K00714,C00233,2026-03-09,Viajes,500000
K00718,C00233,2026-06-15,Viajes,200000
K00719,C00233,2026-08-20,Viajes,150000
K00716,C00233,2026-09-22,Viajes,200000
K00720,C00234,2025-11-10,Emergencias,200000
K00722,C00234,2026-01-06,Emergencias,300000
K00723,C00234,2026-02-08,Emergencias,150000
K00721,C00234,2026-09-14,Emergencias,200000
K00729,C00235,2025-11-08,Emergencias,50000
K00727,C00235,2026-02-05,Emergencias,500000
K00726,C00235,2026-04-24,Emergencias,200000
K00725,C00235,2026-05-02,Emergencias,300000
K00728,C00235,2026-07-13,Emergencias,300000
K00724,C00235,2026-09-16,Emergencias,300000
K00732,C00236,2026-02-23,Viajes,150000
K00730,C00236,2026-05-11,Viajes,200000
K00738,C00237,2025-11-11,Vivienda,300000
K00739,C00237,2026-01-22,Vivienda,50000
K00735,C00237,2026-04-06,Vivienda,300000
K00734,C00237,2026-05-10,Vivienda,50000
K00733,C00237,2026-06-11,Vivienda,300000
K00737,C00237,2026-07-24,Vivienda,100000
K00736,C00237,2026-09-20,Vivienda,500000
K00740,C00240,2026-02-19,Emergencias,300000
K00741,C00240,2026-07-20,Emergencias,50000
K00744,C00242,2026-02-13,Viajes,300000
K00742,C00242,2026-05-24,Viajes,50000
K00743,C00242,2026-08-07,Viajes,150000
K00746,C00244,2025-11-03,Emergencias,50000
K00747,C00244,2026-02-25,Emergencias,100000
K00748,C00244,2026-04-13,Emergencias,500000
K00745,C00244,2026-07-24,Emergencias,150000
K00749,C00245,2025-11-06,Emergencias,200000
K00750,C00245,2026-03-16,Emergencias,150000
K00751,C00246,2026-06-03,Otras,500000
K00753,C00246,2026-08-01,Otras,100000
K00752,C00246,2026-09-09,Otras,500000
K00757,C00247,2025-11-06,Otras,500000
K00759,C00247,2026-03-12,Otras,500000
K00758,C00247,2026-04-24,Otras,150000
K00756,C00247,2026-07-22,Otras,500000
K00755,C00247,2026-08-25,Otras,200000
K00754,C00247,2026-09-18,Otras,50000
K00761,C00248,2026-02-14,Emergencias,300000
K00765,C00248,2026-03-16,Emergencias,300000
K00762,C00248,2026-04-07,Emergencias,500000
K00764,C00248,2026-06-06,Emergencias,200000
K00760,C00248,2026-07-05,Emergencias,50000
K00766,C00248,2026-08-16,Emergencias,300000
K00763,C00248,2026-10-04,Emergencias,300000
K00767,C00249,2025-11-15,Vivienda,100000
K00770,C00249,2026-06-11,Vivienda,500000
K00769,C00249,2026-08-04,Vivienda,300000
K00768,C00249,2026-09-20,Vivienda,300000
K00775,C00251,2026-01-05,Vivienda,150000
K00776,C00251,2026-02-23,Vivienda,100000
K00772,C00251,2026-03-07,Vivienda,200000
K00771,C00251,2026-04-12,Vivienda,100000
K00773,C00251,2026-06-12,Vivienda,50000
K00774,C00251,2026-08-06,Vivienda,150000
K00781,C00253,2025-11-06,Otras,200000
K00782,C00253,2025-12-12,Otras,100000
K00780,C00253,2026-02-03,Otras,500000
K00778,C00253,2026-07-02,Otras,200000
K00779,C00253,2026-09-03,Otras,500000
K00784,C00254,2026-07-22,Viajes,150000
K00783,C00254,2026-10-01,Viajes,150000
K00788,C00256,2025-12-19,Emergencias,100000
K00786,C00256,2026-01-24,Emergencias,500000
K00789,C00256,2026-03-01,Emergencias,100000
K00785,C00256,2026-04-04,Emergencias,500000
K00787,C00256,2026-05-11,Emergencias,200000
K00790,C00256,2026-06-03,Emergencias,50000
K00792,C00257,2026-01-13,Viajes,50000
K00791,C00257,2026-03-01,Viajes,150000
K00794,C00257,2026-08-23,Viajes,150000
K00796,C00260,2026-03-16,Viajes,200000
K00795,C00260,2026-05-06,Viajes,150000
K00797,C00261,2025-11-05,Viajes,150000
K00798,C00261,2026-01-11,Viajes,100000
K00803,C00262,2025-12-15,Vivienda,50000
K00801,C00262,2026-01-22,Vivienda,500000
K00802,C00262,2026-06-13,Vivienda,200000
K00800,C00262,2026-08-03,Vivienda,500000
K00799,C00262,2026-10-04,Vivienda,50000
K00806,C00263,2026-03-02,Emergencias,100000
K00805,C00263,2026-04-06,Emergencias,150000
K00804,C00263,2026-06-06,Emergencias,300000
K00811,C00264,2026-01-11,Emergencias,300000
K00813,C00264,2026-02-10,Emergencias,50000
K00810,C00264,2026-03-05,Emergencias,300000
K00808,C00264,2026-05-11,Emergencias,150000
K00812,C00264,2026-06-01,Emergencias,300000
K00809,C00264,2026-08-01,Emergencias,200000
K00814,C00265,2025-12-15,Emergencias,500000
K00816,C00265,2026-04-06,Emergencias,100000
K00815,C00265,2026-06-13,Emergencias,300000
K00817,C00265,2026-07-05,Emergencias,300000
K00823,C00266,2025-11-21,Mascotas,50000
K00822,C00266,2025-12-08,Mascotas,50000
K00821,C00266,2026-03-18,Mascotas,300000
K00820,C00266,2026-09-08,Mascotas,500000
K00824,C00268,2025-11-06,Vivienda,500000
K00825,C00268,2026-09-25,Vivienda,500000
K00828,C00269,2025-11-23,Emergencias,200000
K00827,C00269,2026-03-04,Emergencias,50000
K00826,C00269,2026-06-19,Emergencias,200000
K00831,C00270,2026-05-25,Emergencias,150000
K00830,C00270,2026-09-09,Emergencias,150000
K00832,C00271,2025-12-20,Otras,300000
K00833,C00271,2026-02-11,Otras,150000
K00834,C00271,2026-04-24,Otras,300000
K00839,C00272,2025-11-12,Otras,50000
K00835,C00272,2026-02-14,Otras,150000
K00838,C00272,2026-03-03,Otras,500000
K00836,C00272,2026-05-17,Otras,300000
K00837,C00272,2026-09-06,Otras,500000
K00840,C00272,2026-10-05,Otras,100000
K00842,C00273,2026-02-20,Emergencias,50000
K00848,C00275,2025-12-13,Vivienda,150000
K00844,C00275,2026-02-17,Vivienda,150000
K00845,C00275,2026-04-03,Vivienda,200000
K00843,C00275,2026-05-06,Vivienda,50000
K00849,C00275,2026-07-18,Vivienda,50000
K00846,C00275,2026-09-22,Vivienda,200000
K00853,C00276,2025-12-23,Viajes,500000
K00850,C00276,2026-03-09,Viajes,150000
K00851,C00276,2026-05-09,Viajes,300000
K00852,C00276,2026-09-10,Viajes,500000
K00859,C00278,2025-11-04,Emergencias,300000
K00858,C00278,2026-02-18,Emergencias,500000
K00857,C00278,2026-05-13,Emergencias,50000
K00855,C00278,2026-06-09,Emergencias,150000
K00856,C00278,2026-07-02,Emergencias,300000
K00854,C00278,2026-09-02,Emergencias,500000
K00862,C00280,2026-05-18,Vivienda,50000
K00861,C00280,2026-06-06,Vivienda,200000
K00860,C00280,2026-07-16,Vivienda,150000
K00864,C00281,2026-01-16,Emergencias,50000
K00863,C00281,2026-05-05,Emergencias,500000
K00865,C00281,2026-06-11,Emergencias,50000
K00866,C00281,2026-07-05,Emergencias,150000
K00867,C00282,2025-11-25,Otras,100000
K00870,C00282,2025-12-20,Otras,150000
K00868,C00282,2026-01-06,Otras,500000
K00869,C00282,2026-04-17,Otras,50000
K00871,C00282,2026-07-10,Otras,100000
K00873,C00284,2025-11-09,Mascotas,150000
K00874,C00284,2026-03-07,Mascotas,500000
K00872,C00284,2026-04-22,Mascotas,200000
K00878,C00285,2025-12-15,Emergencias,50000
K00879,C00285,2026-01-19,Emergencias,100000
K00880,C00285,2026-03-20,Emergencias,150000
K00877,C00285,2026-06-24,Emergencias,50000
K00876,C00285,2026-07-22,Emergencias,100000
K00883,C00286,2025-11-05,Emergencias,500000
K00886,C00286,2026-01-04,Emergencias,200000
K00882,C00286,2026-02-05,Emergencias,200000
K00885,C00286,2026-06-09,Emergencias,150000
K00884,C00286,2026-09-19,Emergencias,100000
K00881,C00286,2026-10-03,Emergencias,200000
K00888,C00287,2025-11-25,Viajes,300000
K00889,C00287,2026-06-09,Viajes,500000
K00890,C00287,2026-07-08,Viajes,500000
K00887,C00287,2026-10-08,Viajes,200000
K00893,C00288,2026-01-09,Otras,300000
K00892,C00288,2026-07-22,Otras,200000
K00896,C00289,2025-12-21,Otras,500000
K00894,C00289,2026-03-21,Otras,50000
K00897,C00289,2026-06-25,Otras,200000
K00895,C00289,2026-08-24,Otras,100000
K00899,C00290,2026-03-06,Otras,200000
K00898,C00290,2026-07-24,Otras,150000
K00902,C00293,2025-11-21,Mascotas,200000
K00901,C00293,2026-08-16,Mascotas,200000
K00900,C00293,2026-09-21,Mascotas,50000
K00904,C00294,2025-11-11,Vivienda,100000
K00907,C00294,2026-01-20,Vivienda,50000
K00905,C00294,2026-06-04,Vivienda,100000
K00903,C00294,2026-07-17,Vivienda,200000
K00908,C00296,2025-12-25,Emergencias,50000
K00910,C00296,2026-01-03,Emergencias,500000
K00909,C00296,2026-05-23,Emergencias,150000
K00912,C00296,2026-06-03,Emergencias,500000
K00911,C00296,2026-07-22,Emergencias,500000
K00915,C00298,2025-11-03,Otras,300000
K00916,C00298,2026-04-16,Otras,200000
K00918,C00298,2026-05-03,Otras,150000
K00917,C00298,2026-07-18,Otras,300000
K00914,C00298,2026-08-05,Otras,150000
K00913,C00298,2026-10-05,Otras,300000
K00921,C00301,2025-11-11,Emergencias,300000
K00920,C00301,2026-03-25,Emergencias,500000
K00919,C00301,2026-04-08,Emergencias,500000
K00922,C00302,2026-01-25,Emergencias,200000
K00923,C00302,2026-09-06,Emergencias,200000
K00925,C00303,2025-12-02,Emergencias,500000
K00926,C00303,2026-03-20,Emergencias,300000
K00924,C00303,2026-04-18,Emergencias,150000
K00931,C00306,2025-11-19,Emergencias,150000
K00932,C00306,2026-01-22,Emergencias,150000
K00930,C00306,2026-05-01,Emergencias,150000
K00933,C00306,2026-06-22,Emergencias,200000
K00929,C00306,2026-08-12,Emergencias,500000
K00928,C00306,2026-09-06,Emergencias,50000
K00927,C00306,2026-10-08,Emergencias,150000
K00935,C00307,2025-11-13,Otras,300000
K00934,C00307,2026-01-17,Otras,200000
K00936,C00307,2026-05-03,Otras,150000
K00940,C00309,2025-12-02,Emergencias,300000
K00939,C00309,2026-06-13,Emergencias,50000
K00938,C00309,2026-10-01,Emergencias,200000
K00944,C00310,2025-12-25,Viajes,100000
K00945,C00310,2026-01-05,Viajes,100000
K00943,C00310,2026-04-10,Viajes,100000
K00946,C00310,2026-05-22,Viajes,300000
K00941,C00310,2026-06-05,Viajes,300000
K00942,C00310,2026-09-13,Viajes,300000
K00948,C00311,2025-12-12,Vivienda,50000
K00950,C00311,2026-02-12,Vivienda,500000
K00951,C00311,2026-03-09,Vivienda,100000
K00949,C00311,2026-06-14,Vivienda,500000
K00952,C00312,2025-12-16,Otras,150000
K00953,C00312,2026-01-24,Otras,500000
K00954,C00312,2026-08-13,Otras,200000
K00956,C00313,2026-01-05,Emergencias,100000
K00955,C00313,2026-04-05,Emergencias,300000
K00960,C00315,2025-11-13,Viajes,300000
K00961,C00315,2026-02-09,Viajes,50000
K00958,C00315,2026-03-15,Viajes,100000
K00957,C00315,2026-07-07,Viajes,150000
K00959,C00315,2026-08-20,Viajes,150000
K00963,C00316,2025-11-11,Viajes,150000
K00965,C00317,2025-12-21,Viajes,50000
K00966,C00317,2026-02-10,Viajes,200000
K00964,C00317,2026-09-04,Viajes,100000
K00968,C00318,2026-04-14,Emergencias,100000
K00967,C00318,2026-08-16,Emergencias,150000
K00970,C00319,2026-02-15,Otras,300000
K00969,C00319,2026-03-17,Otras,150000
K00972,C00319,2026-06-05,Otras,50000
K00971,C00319,2026-07-08,Otras,100000
K00978,C00320,2025-11-22,Mascotas,150000
K00977,C00320,2025-12-14,Mascotas,200000
K00974,C00320,2026-02-11,Mascotas,500000
K00975,C00320,2026-05-14,Mascotas,500000
K00973,C00320,2026-08-16,Mascotas,150000
K00985,C00321,2025-11-07,Emergencias,300000
K00983,C00321,2026-01-11,Emergencias,200000
K00984,C00321,2026-03-14,Emergencias,300000
K00979,C00321,2026-05-23,Emergencias,200000
K00980,C00321,2026-06-23,Emergencias,300000
K00981,C00321,2026-09-12,Emergencias,150000
K00982,C00321,2026-10-06,Emergencias,50000
K00988,C00322,2025-12-08,Emergencias,200000
K00987,C00322,2026-06-15,Emergencias,50000
K00986,C00322,2026-09-08,Emergencias,200000
K00992,C00323,2025-12-12,Emergencias,150000
K00991,C00323,2026-01-06,Emergencias,50000
K00990,C00323,2026-02-24,Emergencias,200000
K00994,C00323,2026-03-06,Emergencias,50000
K00993,C00323,2026-05-12,Emergencias,150000
K00989,C00323,2026-06-23,Emergencias,150000
K01000,C00324,2025-12-06,Otras,500000
K00995,C00324,2026-01-01,Otras,50000
K00996,C00324,2026-02-15,Otras,150000
K00998,C00324,2026-04-20,Otras,300000
K00999,C00324,2026-05-10,Otras,50000
K00997,C00324,2026-06-23,Otras,150000
K01001,C00324,2026-09-01,Otras,300000
K01007,C00325,2025-11-04,Mascotas,50000
K01005,C00325,2026-01-16,Mascotas,50000
K01003,C00325,2026-03-20,Mascotas,200000
K01002,C00325,2026-07-02,Mascotas,200000
K01006,C00325,2026-08-14,Mascotas,150000
K01008,C00325,2026-09-13,Mascotas,50000
K01009,C00326,2026-05-06,Mascotas,500000
K01010,C00326,2026-06-12,Mascotas,150000
K01011,C00326,2026-09-05,Mascotas,200000
K01016,C00327,2025-12-20,Emergencias,100000
K01015,C00327,2026-03-04,Emergencias,150000
K01014,C00327,2026-04-20,Emergencias,500000
K01017,C00327,2026-05-15,Emergencias,150000
K01012,C00327,2026-06-18,Emergencias,200000
K01013,C00327,2026-08-02,Emergencias,300000
K01018,C00327,2026-09-21,Emergencias,500000
K01025,C00330,2025-11-08,Vivienda,500000
K01024,C00330,2025-12-19,Vivienda,200000
K01022,C00330,2026-02-16,Vivienda,100000
K01021,C00330,2026-03-09,Vivienda,300000
K01019,C00330,2026-04-21,Vivienda,50000
K01020,C00330,2026-05-20,Vivienda,150000
K01023,C00330,2026-09-15,Vivienda,150000
K01028,C00331,2025-12-07,Otras,300000
K01027,C00331,2026-01-14,Otras,100000
K01031,C00331,2026-03-19,Otras,50000
K01026,C00331,2026-05-08,Otras,500000
K01029,C00331,2026-06-21,Otras,300000
K01030,C00331,2026-08-20,Otras,200000
K01032,C00331,2026-10-03,Otras,150000
K01035,C00332,2025-11-23,Viajes,100000
K01034,C00332,2026-01-02,Viajes,300000
K01037,C00332,2026-04-15,Viajes,100000
K01033,C00332,2026-05-05,Viajes,500000
K01036,C00332,2026-09-20,Viajes,50000
K01040,C00333,2026-03-23,Otras,50000
K01041,C00333,2026-04-15,Otras,50000
K01039,C00333,2026-06-02,Otras,150000
K01038,C00333,2026-07-24,Otras,150000
K01042,C00333,2026-09-10,Otras,500000
K01043,C00334,2026-07-17,Vivienda,300000
K01044,C00334,2026-09-15,Vivienda,300000
K01046,C00335,2025-12-25,Emergencias,50000
K01049,C00335,2026-01-23,Emergencias,50000
K01045,C00335,2026-04-13,Emergencias,50000
K01048,C00335,2026-06-07,Emergencias,100000
K01047,C00335,2026-07-08,Emergencias,150000
K01054,C00336,2026-01-04,Mascotas,200000
K01051,C00336,2026-03-05,Mascotas,50000
K01053,C00336,2026-08-21,Mascotas,300000
K01052,C00336,2026-09-12,Mascotas,300000
K01057,C00339,2026-01-12,Otras,150000
K01061,C00339,2026-02-07,Otras,300000
K01059,C00339,2026-04-15,Otras,50000
K01056,C00339,2026-06-13,Otras,500000
K01060,C00339,2026-07-18,Otras,150000
K01063,C00341,2026-06-21,Emergencias,50000
K01065,C00342,2026-08-08,Emergencias,300000
K01064,C00342,2026-09-09,Emergencias,500000
K01067,C00344,2025-12-14,Mascotas,50000
K01069,C00344,2026-05-02,Mascotas,150000
K01066,C00344,2026-06-12,Mascotas,100000
K01068,C00344,2026-10-02,Mascotas,300000
K01075,C00345,2025-12-13,Emergencias,150000
K01073,C00345,2026-02-21,Emergencias,200000
K01074,C00345,2026-05-13,Emergencias,200000
K01072,C00345,2026-07-22,Emergencias,500000
K01071,C00345,2026-08-19,Emergencias,150000
K01070,C00345,2026-09-12,Emergencias,100000
K01080,C00346,2025-11-19,Vivienda,100000
K01079,C00346,2025-12-10,Vivienda,500000
K01081,C00346,2026-04-21,Vivienda,150000
K01077,C00346,2026-08-09,Vivienda,300000
K01078,C00346,2026-09-14,Vivienda,100000
K01087,C00348,2026-02-19,Emergencias,500000
K01082,C00348,2026-03-13,Emergencias,500000
K01085,C00348,2026-05-16,Emergencias,150000
K01083,C00348,2026-07-03,Emergencias,150000
K01086,C00348,2026-08-17,Emergencias,200000
K01089,C00349,2025-11-08,Otras,100000
K01093,C00349,2025-12-04,Otras,500000
K01091,C00349,2026-01-21,Otras,300000
K01092,C00349,2026-02-24,Otras,200000
K01094,C00349,2026-05-13,Otras,200000
K01088,C00349,2026-06-18,Otras,200000
K01090,C00349,2026-08-12,Otras,200000
K01096,C00350,2025-11-05,Viajes,150000
K01095,C00350,2026-01-14,Viajes,50000
K01099,C00351,2026-03-07,Mascotas,500000
K01097,C00351,2026-05-06,Mascotas,50000
K01098,C00351,2026-06-08,Mascotas,500000
K01101,C00351,2026-07-25,Mascotas,150000
K01100,C00351,2026-08-12,Mascotas,500000
K01102,C00351,2026-09-20,Mascotas,200000
K01104,C00353,2025-11-21,Otras,200000
K01105,C00353,2026-02-14,Otras,150000
K01103,C00353,2026-06-19,Otras,50000
K01109,C00354,2025-11-03,Emergencias,50000
K01110,C00354,2025-12-25,Emergencias,500000
K01108,C00354,2026-04-25,Emergencias,100000
K01107,C00354,2026-06-06,Emergencias,500000
K01111,C00354,2026-08-01,Emergencias,150000
K01113,C00355,2025-11-08,Vivienda,200000
K01114,C00355,2026-01-19,Vivienda,150000
K01112,C00355,2026-04-10,Vivienda,50000
K01115,C00355,2026-08-01,Vivienda,50000
K01119,C00356,2025-12-07,Mascotas,50000
K01116,C00356,2026-05-20,Mascotas,150000
K01120,C00356,2026-08-20,Mascotas,50000
K01118,C00356,2026-09-03,Mascotas,100000
K01117,C00356,2026-10-01,Mascotas,200000
K01121,C00357,2025-11-25,Viajes,100000
K01123,C00357,2025-12-07,Viajes,500000
K01124,C00357,2026-03-20,Viajes,200000
K01125,C00357,2026-05-24,Viajes,300000
K01127,C00357,2026-06-10,Viajes,100000
K01122,C00357,2026-07-25,Viajes,150000
K01126,C00357,2026-09-21,Viajes,300000
K01132,C00358,2025-11-18,Emergencias,500000
K01133,C00358,2026-01-21,Emergencias,500000
K01129,C00358,2026-02-23,Emergencias,200000
K01130,C00358,2026-04-10,Emergencias,500000
K01128,C00358,2026-05-23,Emergencias,500000
K01131,C00358,2026-09-19,Emergencias,50000
K01135,C00360,2026-03-08,Emergencias,200000
K01136,C00360,2026-09-10,Emergencias,50000
K01140,C00361,2026-02-10,Vivienda,150000
K01141,C00361,2026-03-03,Vivienda,50000
K01138,C00361,2026-06-20,Vivienda,50000
K01137,C00361,2026-08-16,Vivienda,50000
K01142,C00362,2025-11-17,Emergencias,200000
K01143,C00362,2025-12-19,Emergencias,100000
K01144,C00362,2026-02-11,Emergencias,100000
K01145,C00362,2026-06-06,Emergencias,200000
K01150,C00364,2025-12-22,Emergencias,150000
K01147,C00364,2026-01-11,Emergencias,50000
K01146,C00364,2026-03-24,Emergencias,50000
K01149,C00364,2026-05-24,Emergencias,500000
K01148,C00364,2026-06-10,Emergencias,200000
K01151,C00365,2025-12-16,Viajes,500000
K01152,C00365,2026-03-13,Viajes,500000
K01154,C00365,2026-06-05,Viajes,150000
K01153,C00365,2026-07-16,Viajes,100000
K01155,C00365,2026-08-09,Viajes,200000
K01160,C00366,2025-11-11,Mascotas,500000
K01157,C00366,2025-12-21,Mascotas,200000
K01158,C00366,2026-04-21,Mascotas,200000
K01156,C00366,2026-05-10,Mascotas,300000
K01159,C00366,2026-10-07,Mascotas,300000
K01161,C00367,2026-06-24,Viajes,500000
K01162,C00367,2026-07-21,Viajes,300000
K01163,C00368,2026-04-13,Otras,150000
K01164,C00368,2026-07-13,Otras,150000
K01165,C00368,2026-09-17,Otras,50000
K01166,C00371,2025-12-12,Otras,150000
K01169,C00371,2026-06-19,Otras,500000
K01168,C00371,2026-07-01,Otras,200000
K01170,C00371,2026-08-01,Otras,500000
K01167,C00371,2026-09-05,Otras,500000
K01175,C00372,2025-11-04,Otras,150000
K01171,C00372,2026-01-20,Otras,300000
K01177,C00372,2026-02-03,Otras,300000
K01174,C00372,2026-03-15,Otras,500000
K01172,C00372,2026-04-13,Otras,150000
K01176,C00372,2026-08-22,Otras,200000
K01178,C00374,2025-11-20,Otras,100000
K01180,C00374,2025-12-06,Otras,100000
K01182,C00374,2026-01-09,Otras,150000
K01181,C00374,2026-03-09,Otras,200000
K01179,C00374,2026-08-12,Otras,300000
K01187,C00375,2025-11-01,Emergencias,100000
K01185,C00375,2026-01-19,Emergencias,300000
K01186,C00375,2026-06-05,Emergencias,100000
K01183,C00375,2026-09-02,Emergencias,200000
K01193,C00376,2025-11-14,Vivienda,300000
K01192,C00376,2025-12-24,Vivienda,150000
K01191,C00376,2026-02-13,Vivienda,300000
K01188,C00376,2026-04-22,Vivienda,500000
K01190,C00376,2026-06-08,Vivienda,300000
K01189,C00376,2026-08-16,Vivienda,50000
K01194,C00376,2026-09-25,Vivienda,100000
K01197,C00378,2025-11-09,Viajes,200000
K01196,C00378,2026-01-03,Viajes,500000
K01195,C00378,2026-04-14,Viajes,50000
K01200,C00378,2026-06-20,Viajes,200000
K01199,C00378,2026-07-16,Viajes,200000
K01203,C00381,2025-12-05,Emergencias,50000
K01204,C00381,2026-02-17,Emergencias,300000
K01202,C00381,2026-03-09,Emergencias,50000
K01201,C00381,2026-09-07,Emergencias,500000
K01209,C00383,2025-12-15,Vivienda,50000
K01208,C00383,2026-02-03,Vivienda,150000
K01210,C00383,2026-05-14,Vivienda,300000
K01206,C00383,2026-09-08,Vivienda,500000
K01212,C00385,2025-12-02,Vivienda,200000
K01211,C00385,2026-06-02,Vivienda,300000
K01213,C00387,2025-11-16,Emergencias,100000
K01214,C00387,2026-01-17,Emergencias,300000
K01217,C00388,2026-02-20,Viajes,200000
K01215,C00388,2026-05-02,Viajes,200000
K01216,C00388,2026-09-15,Viajes,500000
K01218,C00389,2026-04-16,Otras,150000
K01220,C00389,2026-08-16,Otras,300000
K01219,C00389,2026-10-04,Otras,150000
K01222,C00390,2026-02-13,Mascotas,500000
K01223,C00390,2026-04-08,Mascotas,300000
K01221,C00390,2026-07-12,Mascotas,50000
K01224,C00390,2026-08-01,Mascotas,300000
K01226,C00391,2025-12-19,Vivienda,50000
K01228,C00391,2026-01-03,Vivienda,100000
K01227,C00391,2026-06-03,Vivienda,300000
K01225,C00391,2026-07-15,Vivienda,100000
K01229,C00391,2026-08-10,Vivienda,100000
K01231,C00392,2026-06-16,Vivienda,200000
K01232,C00392,2026-08-13,Vivienda,500000
K01233,C00392,2026-09-12,Vivienda,100000
K01230,C00392,2026-10-05,Vivienda,200000
K01235,C00393,2026-03-16,Mascotas,50000
K01234,C00393,2026-06-25,Mascotas,500000
K01239,C00393,2026-07-22,Mascotas,500000
K01238,C00393,2026-08-09,Mascotas,100000
K01237,C00393,2026-09-14,Mascotas,100000
K01241,C00394,2025-12-07,Otras,150000
K01240,C00394,2026-09-16,Otras,50000
K01242,C00395,2025-12-16,Otras,100000
K01243,C00395,2026-08-07,Otras,100000
K01245,C00396,2026-04-17,Otras,100000
K01244,C00396,2026-06-24,Otras,100000
K01246,C00396,2026-07-24,Otras,50000
K01250,C00397,2025-11-25,Viajes,200000
K01249,C00397,2026-01-25,Viajes,500000
K01252,C00397,2026-04-21,Viajes,150000
K01251,C00397,2026-05-13,Viajes,500000
K01248,C00397,2026-06-14,Viajes,300000
K01247,C00397,2026-07-24,Viajes,150000
K01253,C00397,2026-10-01,Viajes,200000
K01255,C00399,2026-03-23,Viajes,300000
K01254,C00399,2026-07-22,Viajes,200000
K01256,C00400,2026-03-02,Emergencias,100000
K01257,C00400,2026-08-25,Emergencias,200000
K01259,C00401,2025-11-04,Mascotas,150000
K01260,C00401,2026-06-14,Mascotas,150000
K01261,C00401,2026-09-24,Mascotas,200000
K01264,C00403,2025-12-13,Mascotas,50000
K01263,C00403,2026-07-21,Mascotas,150000
K01262,C00403,2026-08-15,Mascotas,50000
K01268,C00404,2025-11-23,Viajes,500000
K01265,C00404,2026-02-06,Viajes,150000
K01269,C00404,2026-03-10,Viajes,150000
K01266,C00404,2026-06-12,Viajes,200000
K01267,C00404,2026-08-10,Viajes,500000
K01272,C00406,2026-01-08,Vivienda,100000
K01270,C00406,2026-02-11,Vivienda,50000
K01273,C00406,2026-03-22,Vivienda,200000
K01274,C00406,2026-04-10,Vivienda,50000
K01271,C00406,2026-08-22,Vivienda,150000
K01276,C00407,2026-03-20,Otras,50000
K01281,C00409,2025-11-07,Emergencias,50000
K01278,C00409,2025-12-12,Emergencias,50000
K01280,C00409,2026-06-18,Emergencias,50000
K01279,C00409,2026-08-13,Emergencias,150000
K01282,C00410,2026-04-17,Emergencias,50000
K01283,C00410,2026-08-03,Emergencias,300000
K01284,C00411,2025-11-14,Emergencias,150000
K01285,C00411,2026-04-08,Emergencias,100000
K01286,C00412,2026-02-18,Otras,500000
K01288,C00412,2026-06-03,Otras,150000
K01289,C00412,2026-07-20,Otras,50000
K01290,C00412,2026-08-14,Otras,500000
K01292,C00413,2026-02-22,Vivienda,200000
K01291,C00413,2026-06-23,Vivienda,100000
K01295,C00413,2026-08-08,Vivienda,300000
K01294,C00413,2026-09-12,Vivienda,500000
K01297,C00416,2026-01-06,Emergencias,200000
K01296,C00416,2026-02-15,Emergencias,50000
K01302,C00416,2026-03-07,Emergencias,300000
K01301,C00416,2026-04-13,Emergencias,500000
K01299,C00416,2026-06-02,Emergencias,300000
K01300,C00416,2026-07-25,Emergencias,50000
K01308,C00417,2025-11-08,Viajes,100000
K01304,C00417,2025-12-19,Viajes,200000
K01306,C00417,2026-02-02,Viajes,50000
K01303,C00417,2026-03-09,Viajes,300000
K01307,C00417,2026-05-15,Viajes,50000
K01310,C00419,2026-02-18,Emergencias,300000
K01309,C00419,2026-03-17,Emergencias,200000
K01311,C00419,2026-07-22,Emergencias,500000
K01313,C00420,2025-11-08,Viajes,50000
K01314,C00420,2026-03-07,Viajes,150000
K01312,C00420,2026-05-12,Viajes,200000
K01315,C00420,2026-07-10,Viajes,500000
K01319,C00421,2025-11-06,Emergencias,50000
K01317,C00421,2026-04-23,Emergencias,300000
K01318,C00421,2026-05-23,Emergencias,500000
K01322,C00422,2025-11-02,Emergencias,150000
K01320,C00422,2026-01-22,Emergencias,150000
K01323,C00422,2026-03-23,Emergencias,200000
K01324,C00422,2026-06-13,Emergencias,300000
K01325,C00422,2026-07-02,Emergencias,150000
K01321,C00422,2026-09-12,Emergencias,500000
K01328,C00423,2025-12-19,Vivienda,200000
K01327,C00423,2026-02-01,Vivienda,150000
K01330,C00423,2026-04-03,Vivienda,200000
K01329,C00423,2026-05-01,Vivienda,100000
K01326,C00423,2026-08-17,Vivienda,200000
K01335,C00425,2025-11-13,Otras,50000
K01334,C00425,2025-12-20,Otras,300000
K01336,C00425,2026-01-19,Otras,200000
K01337,C00425,2026-04-16,Otras,50000
K01332,C00425,2026-06-25,Otras,300000
K01333,C00425,2026-08-13,Otras,150000
K01338,C00426,2026-01-09,Emergencias,150000
K01339,C00426,2026-04-24,Emergencias,100000
K01340,C00427,2026-01-01,Viajes,200000
K01342,C00427,2026-02-10,Viajes,50000
K01343,C00427,2026-06-25,Viajes,50000
K01341,C00427,2026-09-19,Viajes,150000
K01349,C00428,2025-11-16,Emergencias,500000
K01346,C00428,2026-01-21,Emergencias,100000
K01348,C00428,2026-03-16,Emergencias,500000
K01347,C00428,2026-04-16,Emergencias,150000
K01345,C00428,2026-08-10,Emergencias,300000
K01352,C00429,2025-12-08,Otras,200000
K01351,C00429,2026-08-21,Otras,200000
K01354,C00430,2025-11-20,Emergencias,200000
K01356,C00430,2025-12-05,Emergencias,200000
K01355,C00430,2026-08-19,Emergencias,500000
K01360,C00431,2025-12-25,Emergencias,300000
K01359,C00431,2026-03-19,Emergencias,100000
K01358,C00431,2026-09-04,Emergencias,150000
K01357,C00431,2026-10-04,Emergencias,200000
K01361,C00432,2025-11-23,Otras,100000
K01363,C00432,2025-12-04,Otras,150000
K01364,C00432,2026-07-06,Otras,150000
K01367,C00435,2025-11-03,Vivienda,500000
K01368,C00435,2026-03-15,Vivienda,150000
K01366,C00435,2026-09-04,Vivienda,100000
K01370,C00436,2026-01-12,Viajes,150000
K01369,C00436,2026-10-07,Viajes,200000
K01374,C00437,2025-11-15,Otras,200000
K01373,C00437,2026-01-08,Otras,500000
K01371,C00437,2026-02-18,Otras,50000
K01372,C00437,2026-04-24,Otras,200000
K01377,C00438,2025-12-01,Vivienda,50000
K01376,C00438,2026-09-16,Vivienda,50000
K01375,C00438,2026-10-02,Vivienda,100000
K01381,C00440,2025-11-03,Viajes,200000
K01379,C00440,2026-02-06,Viajes,500000
K01380,C00440,2026-03-21,Viajes,500000
K01383,C00440,2026-07-24,Viajes,500000
K01382,C00440,2026-08-05,Viajes,100000
K01384,C00440,2026-09-07,Viajes,500000
K01388,C00442,2025-11-12,Viajes,300000
K01391,C00442,2025-12-24,Viajes,50000
K01385,C00442,2026-03-02,Viajes,300000
K01389,C00442,2026-04-17,Viajes,500000
K01386,C00442,2026-05-18,Viajes,100000
K01390,C00442,2026-08-01,Viajes,100000
K01387,C00442,2026-10-08,Viajes,150000
K01392,C00443,2026-05-03,Vivienda,200000
K01395,C00443,2026-07-18,Vivienda,50000
K01393,C00443,2026-08-24,Vivienda,100000
K01396,C00446,2026-04-17,Viajes,300000
K01397,C00446,2026-10-05,Viajes,200000
K01398,C00448,2026-02-03,Emergencias,500000
K01400,C00448,2026-04-24,Emergencias,50000
K01399,C00448,2026-09-08,Emergencias,100000
K01403,C00449,2025-12-01,Viajes,100000
K01407,C00449,2026-01-17,Viajes,500000
K01406,C00449,2026-02-19,Viajes,150000
K01401,C00449,2026-03-10,Viajes,200000
K01404,C00449,2026-08-02,Viajes,150000
K01405,C00449,2026-09-05,Viajes,150000
K01409,C00451,2026-07-16,Otras,200000
K01408,C00451,2026-09-17,Otras,150000
K01413,C00452,2026-01-13,Mascotas,50000
K01415,C00452,2026-04-07,Mascotas,50000
K01411,C00452,2026-06-16,Mascotas,500000
K01414,C00452,2026-07-06,Mascotas,50000
K01410,C00452,2026-08-08,Mascotas,100000
K01412,C00452,2026-10-02,Mascotas,100000
K01419,C00453,2025-11-08,Otras,50000
K01421,C00453,2025-12-17,Otras,200000
K01417,C00453,2026-01-18,Otras,200000
K01420,C00453,2026-05-24,Otras,200000
K01422,C00453,2026-07-06,Otras,50000
K01418,C00453,2026-08-12,Otras,200000
K01416,C00453,2026-10-08,Otras,150000
K01424,C00454,2025-12-23,Vivienda,300000
K01428,C00454,2026-02-02,Vivienda,100000
K01425,C00454,2026-03-21,Vivienda,500000
K01426,C00454,2026-04-04,Vivienda,500000
K01427,C00454,2026-06-20,Vivienda,500000
K01423,C00454,2026-07-08,Vivienda,200000
K01431,C00455,2025-11-23,Otras,100000
K01433,C00455,2026-03-19,Otras,100000
K01434,C00455,2026-04-07,Otras,100000
K01432,C00455,2026-05-02,Otras,300000
K01430,C00455,2026-06-14,Otras,100000
K01436,C00456,2025-12-23,Emergencias,150000
K01439,C00456,2026-03-09,Emergencias,200000
K01437,C00456,2026-08-08,Emergencias,150000
K01435,C00456,2026-09-23,Emergencias,50000
K01438,C00456,2026-10-07,Emergencias,100000
K01440,C00457,2025-11-17,Emergencias,50000
K01441,C00457,2025-12-19,Emergencias,500000
K01442,C00457,2026-06-15,Emergencias,300000
K01443,C00457,2026-08-22,Emergencias,500000
K01446,C00459,2025-11-24,Emergencias,500000
K01444,C00459,2025-12-03,Emergencias,100000
K01447,C00459,2026-01-24,Emergencias,300000
K01449,C00459,2026-02-10,Emergencias,50000
K01448,C00459,2026-06-06,Emergencias,300000
K01445,C00459,2026-09-25,Emergencias,200000
K01453,C00462,2025-12-05,Otras,150000
K01451,C00462,2026-02-19,Otras,300000
K01452,C00462,2026-04-11,Otras,50000
K01450,C00462,2026-05-21,Otras,200000
K01454,C00462,2026-07-15,Otras,100000
K01455,C00462,2026-08-15,Otras,100000
K01456,C00462,2026-10-04,Otras,200000
K01459,C00463,2026-01-07,Viajes,500000
K01457,C00463,2026-03-22,Viajes,500000
K01458,C00463,2026-08-02,Viajes,50000
K01460,C00464,2026-01-16,Viajes,500000
K01461,C00464,2026-03-23,Viajes,100000
K01462,C00464,2026-07-10,Viajes,150000
K01467,C00465,2026-03-03,Emergencias,300000
K01464,C00465,2026-04-19,Emergencias,100000
K01466,C00465,2026-06-01,Emergencias,500000
K01465,C00465,2026-07-24,Emergencias,500000
K01469,C00465,2026-08-23,Emergencias,300000
K01463,C00465,2026-09-09,Emergencias,300000
K01475,C00466,2025-12-08,Emergencias,100000
K01473,C00466,2026-03-15,Emergencias,300000
K01474,C00466,2026-04-24,Emergencias,150000
K01471,C00466,2026-05-13,Emergencias,200000
K01472,C00466,2026-06-11,Emergencias,300000
K01470,C00466,2026-08-04,Emergencias,150000
K01476,C00466,2026-09-21,Emergencias,150000
K01477,C00468,2026-04-19,Viajes,150000
K01478,C00468,2026-07-10,Viajes,100000
K01484,C00469,2025-11-18,Mascotas,150000
K01482,C00469,2026-02-09,Mascotas,200000
K01479,C00469,2026-03-23,Mascotas,100000
K01480,C00469,2026-04-23,Mascotas,50000
K01481,C00469,2026-05-07,Mascotas,100000
K01485,C00469,2026-06-14,Mascotas,100000
K01488,C00470,2025-12-15,Emergencias,50000
K01486,C00470,2026-05-14,Emergencias,100000
K01489,C00470,2026-08-12,Emergencias,150000
K01491,C00471,2025-11-10,Mascotas,150000
K01490,C00471,2026-01-05,Mascotas,150000
K01492,C00471,2026-03-09,Mascotas,300000
K01493,C00471,2026-04-15,Mascotas,100000
K01494,C00474,2026-02-13,Viajes,200000
K01498,C00474,2026-04-13,Viajes,50000
K01495,C00474,2026-06-06,Viajes,200000
K01496,C00474,2026-08-16,Viajes,100000
K01497,C00474,2026-09-20,Viajes,100000
K01501,C00476,2025-12-03,Emergencias,200000
K01500,C00476,2026-01-25,Emergencias,50000
K01502,C00476,2026-02-24,Emergencias,500000
K01504,C00476,2026-03-01,Emergencias,300000
K01499,C00476,2026-04-14,Emergencias,150000
K01505,C00476,2026-08-09,Emergencias,50000
K01503,C00476,2026-10-04,Emergencias,150000
K01507,C00478,2026-04-05,Emergencias,50000
K01510,C00481,2025-12-01,Emergencias,500000
K01512,C00481,2026-01-06,Emergencias,150000
K01514,C00481,2026-02-12,Emergencias,200000
K01509,C00481,2026-03-08,Emergencias,500000
K01508,C00481,2026-04-21,Emergencias,300000
K01511,C00481,2026-05-13,Emergencias,150000
K01513,C00481,2026-08-14,Emergencias,50000
K01516,C00482,2026-07-18,Emergencias,500000
K01515,C00482,2026-08-17,Emergencias,300000
K01518,C00483,2026-02-07,Vivienda,200000
K01519,C00483,2026-06-02,Vivienda,500000
K01524,C00484,2025-11-14,Mascotas,500000
K01521,C00484,2025-12-04,Mascotas,500000
K01520,C00484,2026-02-15,Mascotas,200000
K01523,C00484,2026-03-06,Mascotas,300000
K01525,C00484,2026-07-01,Mascotas,500000
K01522,C00484,2026-09-15,Mascotas,500000
K01530,C00486,2025-12-16,Viajes,500000
K01529,C00486,2026-02-10,Viajes,300000
K01528,C00486,2026-05-19,Viajes,300000
K01531,C00486,2026-06-16,Viajes,500000
K01526,C00486,2026-09-17,Viajes,50000
K01533,C00487,2025-11-12,Viajes,100000
K01532,C00487,2025-12-04,Viajes,200000
K01534,C00487,2026-02-11,Viajes,500000
K01535,C00488,2025-12-04,Vivienda,50000
K01536,C00488,2026-05-05,Vivienda,100000
K01537,C00488,2026-06-24,Vivienda,300000
K01540,C00490,2025-12-17,Emergencias,150000
K01539,C00490,2026-02-03,Emergencias,150000
K01538,C00490,2026-08-08,Emergencias,300000
K01542,C00491,2026-01-24,Vivienda,100000
K01544,C00491,2026-02-09,Vivienda,500000
K01541,C00491,2026-05-21,Vivienda,150000
K01543,C00491,2026-06-25,Vivienda,150000
K01545,C00491,2026-07-16,Vivienda,100000
K01548,C00494,2025-12-09,Vivienda,50000
K01547,C00494,2026-02-05,Vivienda,100000
K01549,C00498,2025-11-14,Otras,500000
K01551,C00498,2026-02-17,Otras,100000
K01550,C00498,2026-08-16,Otras,150000
K01552,C00502,2026-01-13,Vivienda,300000
K01553,C00502,2026-02-08,Vivienda,500000
K01555,C00502,2026-04-11,Vivienda,200000
K01554,C00502,2026-06-03,Vivienda,200000
K01557,C00503,2026-01-14,Emergencias,500000
K01556,C00503,2026-05-18,Emergencias,200000
K01559,C00503,2026-06-17,Emergencias,500000
K01560,C00503,2026-08-03,Emergencias,100000
K01563,C00504,2025-12-22,Vivienda,100000
K01561,C00504,2026-08-11,Vivienda,200000
K01562,C00504,2026-09-18,Vivienda,200000
K01564,C00506,2026-02-06,Otras,300000
K01565,C00506,2026-03-16,Otras,200000
K01566,C00506,2026-07-24,Otras,100000
K01572,C00507,2025-11-04,Mascotas,500000
K01573,C00507,2026-02-17,Mascotas,200000
K01567,C00507,2026-03-02,Mascotas,300000
K01569,C00507,2026-04-25,Mascotas,50000
K01571,C00507,2026-05-22,Mascotas,150000
K01570,C00507,2026-08-23,Mascotas,500000
K01575,C00509,2025-11-22,Vivienda,500000
K01577,C00509,2026-02-06,Vivienda,150000
K01576,C00509,2026-04-08,Vivienda,300000
K01578,C00509,2026-07-05,Vivienda,150000
K01574,C00509,2026-09-19,Vivienda,200000
K01580,C00510,2026-01-23,Emergencias,50000
K01583,C00512,2025-11-17,Otras,50000
K01585,C00512,2026-01-04,Otras,150000
K01582,C00512,2026-04-04,Otras,300000
K01586,C00512,2026-05-20,Otras,500000
K01587,C00512,2026-07-21,Otras,50000
K01584,C00512,2026-09-11,Otras,200000
K01589,C00513,2025-12-01,Otras,500000
K01590,C00513,2026-06-05,Otras,300000
K01591,C00513,2026-09-23,Otras,200000
K01592,C00516,2025-12-07,Mascotas,50000
K01593,C00516,2026-05-19,Mascotas,100000
K01594,C00516,2026-07-18,Mascotas,150000
K01599,C00517,2025-11-21,Viajes,500000
K01598,C00517,2026-03-23,Viajes,500000
K01595,C00517,2026-06-10,Viajes,50000
K01597,C00517,2026-08-11,Viajes,200000
K01596,C00517,2026-09-06,Viajes,200000
K01601,C00519,2025-12-06,Otras,100000
K01600,C00519,2026-04-03,Otras,50000
K01602,C00521,2025-11-06,Vivienda,500000
K01604,C00521,2026-05-23,Vivienda,300000
K01605,C00521,2026-07-10,Vivienda,150000
K01606,C00526,2025-11-19,Mascotas,150000
K01609,C00526,2026-03-23,Mascotas,100000
K01610,C00526,2026-04-06,Mascotas,300000
K01607,C00526,2026-07-19,Mascotas,300000
K01608,C00526,2026-08-02,Mascotas,500000
K01613,C00527,2025-11-10,Vivienda,50000
K01611,C00527,2026-01-05,Vivienda,500000
K01612,C00527,2026-03-20,Vivienda,150000
K01614,C00528,2026-05-22,Vivienda,200000
K01615,C00528,2026-08-19,Vivienda,200000
K01618,C00533,2025-11-10,Viajes,300000
K01617,C00533,2026-02-17,Viajes,50000
K01616,C00533,2026-07-07,Viajes,200000
K01622,C00535,2026-05-11,Vivienda,150000
K01620,C00535,2026-09-13,Vivienda,100000
K01624,C00537,2025-11-11,Otras,500000
K01626,C00537,2026-02-05,Otras,150000
K01628,C00537,2026-05-06,Otras,500000
K01625,C00537,2026-06-05,Otras,500000
K01627,C00537,2026-07-21,Otras,300000
K01623,C00537,2026-09-01,Otras,300000
K01634,C00538,2025-11-02,Vivienda,100000
K01630,C00538,2026-02-11,Vivienda,200000
K01629,C00538,2026-05-14,Vivienda,100000
K01633,C00538,2026-07-23,Vivienda,200000
K01632,C00538,2026-09-16,Vivienda,50000
K01631,C00538,2026-10-08,Vivienda,500000
K01636,C00539,2026-01-05,Emergencias,500000
K01637,C00539,2026-06-03,Emergencias,500000
K01635,C00539,2026-07-05,Emergencias,300000
K01641,C00540,2026-04-11,Emergencias,150000
K01639,C00540,2026-06-22,Emergencias,200000
K01638,C00540,2026-08-05,Emergencias,200000
K01640,C00540,2026-09-19,Emergencias,100000
K01646,C00541,2025-11-23,Viajes,150000
K01644,C00541,2026-01-07,Viajes,200000
K01645,C00541,2026-03-04,Viajes,50000
K01643,C00541,2026-07-20,Viajes,300000
K01642,C00541,2026-08-04,Viajes,200000
K01647,C00543,2025-12-18,Vivienda,150000
K01648,C00543,2026-01-01,Vivienda,100000
K01650,C00543,2026-03-22,Vivienda,200000
K01649,C00543,2026-06-02,Vivienda,300000
K01652,C00543,2026-08-21,Vivienda,300000
K01651,C00543,2026-09-03,Vivienda,300000
K01658,C00545,2026-03-23,Otras,300000
K01654,C00545,2026-04-12,Otras,100000
K01657,C00545,2026-07-17,Otras,300000
K01656,C00545,2026-08-22,Otras,100000
K01653,C00545,2026-09-04,Otras,500000
K01660,C00547,2025-11-11,Emergencias,50000
K01663,C00547,2025-12-18,Emergencias,200000
K01664,C00547,2026-02-19,Emergencias,150000
K01659,C00547,2026-03-24,Emergencias,300000
K01665,C00547,2026-06-09,Emergencias,200000
K01661,C00547,2026-07-16,Emergencias,50000
K01662,C00547,2026-08-05,Emergencias,150000
K01666,C00548,2026-02-16,Otras,500000
K01667,C00548,2026-03-24,Otras,300000
K01669,C00548,2026-04-17,Otras,50000
K01671,C00548,2026-05-16,Otras,50000
K01670,C00548,2026-06-08,Otras,500000
K01668,C00548,2026-08-19,Otras,200000
K01672,C00550,2026-06-17,Vivienda,200000
K01673,C00550,2026-08-14,Vivienda,200000
K01675,C00551,2026-01-14,Emergencias,200000
K01676,C00551,2026-04-20,Emergencias,150000
K01674,C00551,2026-08-17,Emergencias,100000
K01677,C00552,2026-08-10,Emergencias,100000
K01678,C00552,2026-09-23,Emergencias,50000
K01682,C00553,2026-01-11,Mascotas,200000
K01680,C00553,2026-03-25,Mascotas,50000
K01681,C00553,2026-06-04,Mascotas,150000
K01679,C00553,2026-09-18,Mascotas,300000
K01686,C00554,2026-05-24,Mascotas,50000
K01685,C00554,2026-06-03,Mascotas,200000
K01684,C00554,2026-08-13,Mascotas,100000
K01688,C00555,2025-11-19,Mascotas,100000
K01687,C00555,2025-12-04,Mascotas,300000
K01689,C00555,2026-08-19,Mascotas,150000
K01692,C00557,2026-01-09,Emergencias,500000
K01691,C00557,2026-04-02,Emergencias,150000
K01690,C00557,2026-09-11,Emergencias,100000
K01694,C00558,2025-11-18,Vivienda,150000
K01696,C00558,2026-04-25,Vivienda,150000
K01695,C00558,2026-05-03,Vivienda,500000
K01697,C00558,2026-07-25,Vivienda,500000
K01693,C00558,2026-09-15,Vivienda,300000
K01702,C00559,2025-11-14,Emergencias,300000
K01701,C00559,2025-12-03,Emergencias,500000
K01698,C00559,2026-03-18,Emergencias,200000
K01699,C00559,2026-06-01,Emergencias,200000
K01703,C00559,2026-09-14,Emergencias,50000
K01700,C00559,2026-10-08,Emergencias,200000
K01705,C00560,2025-12-04,Vivienda,50000
K01704,C00560,2026-07-04,Vivienda,150000
K01708,C00563,2025-12-12,Mascotas,150000
K01707,C00563,2026-02-16,Mascotas,150000
K01709,C00564,2025-12-01,Vivienda,100000
K01711,C00564,2026-03-07,Vivienda,300000
K01710,C00564,2026-05-25,Vivienda,50000
K01714,C00565,2025-11-19,Vivienda,200000
K01715,C00565,2025-12-18,Vivienda,200000
K01712,C00565,2026-02-15,Vivienda,100000
K01713,C00565,2026-07-18,Vivienda,50000
K01718,C00567,2025-12-21,Mascotas,150000
K01717,C00567,2026-01-19,Mascotas,200000
K01720,C00567,2026-03-14,Mascotas,150000
K01716,C00567,2026-07-10,Mascotas,150000
K01721,C00567,2026-09-19,Mascotas,50000
K01728,C00571,2026-01-06,Mascotas,100000
K01724,C00571,2026-02-14,Mascotas,50000
K01723,C00571,2026-03-07,Mascotas,100000
K01727,C00571,2026-05-20,Mascotas,500000
K01725,C00571,2026-06-14,Mascotas,150000
K01722,C00571,2026-08-15,Mascotas,500000
K01726,C00571,2026-10-08,Mascotas,100000
K01732,C00572,2025-12-10,Emergencias,100000
K01730,C00572,2026-02-19,Emergencias,100000
K01731,C00572,2026-05-18,Emergencias,300000
K01733,C00572,2026-06-19,Emergencias,200000
K01729,C00572,2026-08-24,Emergencias,100000
K01735,C00574,2025-11-17,Otras,500000
K01737,C00574,2026-03-16,Otras,150000
K01734,C00574,2026-05-24,Otras,200000
K01736,C00574,2026-07-04,Otras,50000
K01741,C00576,2026-01-15,Otras,50000
K01738,C00576,2026-02-09,Otras,100000
K01743,C00576,2026-04-01,Otras,50000
K01740,C00576,2026-05-16,Otras,300000
K01742,C00576,2026-07-13,Otras,50000
K01739,C00576,2026-09-04,Otras,150000
K01746,C00577,2025-11-21,Vivienda,300000
K01747,C00577,2026-05-22,Vivienda,100000
K01745,C00577,2026-08-19,Vivienda,100000
K01744,C00577,2026-10-07,Vivienda,200000
K01748,C00578,2026-01-03,Emergencias,50000
K01750,C00579,2025-12-11,Vivienda,500000
K01751,C00579,2026-02-20,Vivienda,150000
K01754,C00580,2025-11-08,Otras,200000
K01753,C00580,2026-03-15,Otras,150000
K01752,C00580,2026-04-12,Otras,150000
K01759,C00581,2025-12-12,Vivienda,50000
K01756,C00581,2026-01-13,Vivienda,200000
K01757,C00581,2026-02-20,Vivienda,150000
K01755,C00581,2026-03-06,Vivienda,300000
K01758,C00581,2026-04-05,Vivienda,500000
K01760,C00581,2026-05-16,Vivienda,150000
K01762,C00583,2026-02-04,Vivienda,100000
K01761,C00583,2026-04-19,Vivienda,150000
K01763,C00583,2026-06-24,Vivienda,300000
K01765,C00584,2025-12-06,Vivienda,300000
K01766,C00584,2026-02-14,Vivienda,500000
K01768,C00584,2026-06-17,Vivienda,500000
K01764,C00584,2026-07-01,Vivienda,50000
K01767,C00584,2026-09-03,Vivienda,200000
K01773,C00585,2025-11-08,Otras,100000
K01774,C00585,2026-04-13,Otras,100000
K01771,C00585,2026-05-18,Otras,50000
K01772,C00585,2026-07-18,Otras,300000
K01770,C00585,2026-08-08,Otras,50000
K01780,C00586,2026-01-25,Vivienda,50000
K01776,C00586,2026-04-19,Vivienda,150000
K01778,C00586,2026-05-17,Vivienda,50000
K01781,C00586,2026-06-24,Vivienda,100000
K01779,C00586,2026-07-17,Vivienda,200000
K01775,C00586,2026-09-06,Vivienda,100000
K01784,C00587,2025-11-18,Emergencias,100000
K01783,C00587,2026-01-16,Emergencias,500000
K01782,C00587,2026-03-01,Emergencias,50000
K01786,C00588,2026-01-18,Vivienda,100000
K01787,C00588,2026-02-06,Vivienda,150000
K01789,C00588,2026-03-02,Vivienda,100000
K01790,C00588,2026-06-22,Vivienda,150000
K01785,C00588,2026-07-04,Vivienda,100000
K01788,C00588,2026-09-11,Vivienda,200000
K01793,C00591,2025-11-08,Otras,150000
K01794,C00591,2026-02-23,Otras,500000
K01792,C00591,2026-07-13,Otras,100000
K01791,C00591,2026-09-03,Otras,200000
K01796,C00592,2026-01-04,Viajes,200000
K01797,C00592,2026-07-08,Viajes,200000
K01798,C00592,2026-08-14,Viajes,300000
K01795,C00592,2026-09-22,Viajes,50000
K01800,C00593,2025-11-21,Mascotas,100000
K01803,C00593,2025-12-06,Mascotas,200000
K01799,C00593,2026-01-08,Mascotas,300000
K01801,C00593,2026-02-10,Mascotas,100000
K01804,C00593,2026-04-09,Mascotas,100000
K01802,C00593,2026-09-03,Mascotas,300000
K01807,C00594,2026-01-12,Vivienda,150000
K01806,C00594,2026-04-02,Vivienda,300000
K01805,C00594,2026-06-09,Vivienda,50000
K01808,C00594,2026-08-17,Vivienda,200000
K01809,C00595,2026-06-19,Otras,300000
K01810,C00595,2026-08-16,Otras,500000
K01816,C00596,2025-11-10,Emergencias,100000
K01813,C00596,2026-03-09,Emergencias,300000
K01811,C00596,2026-05-21,Emergencias,300000
K01815,C00596,2026-06-06,Emergencias,100000
K01814,C00596,2026-07-12,Emergencias,200000
K01812,C00596,2026-09-23,Emergencias,300000
K01820,C00597,2026-02-21,Vivienda,200000
K01818,C00597,2026-05-22,Vivienda,500000
K01817,C00597,2026-07-21,Vivienda,200000
K01819,C00597,2026-08-06,Vivienda,200000
K01821,C00598,2026-03-15,Viajes,300000
K01823,C00598,2026-04-22,Viajes,500000
K01829,C00599,2026-02-23,Emergencias,50000
K01824,C00599,2026-04-05,Emergencias,300000
K01827,C00599,2026-07-01,Emergencias,100000
K01828,C00599,2026-08-20,Emergencias,150000
K01825,C00599,2026-09-10,Emergencias,150000
