pago_id,cliente_id,fecha_pago,ramo,monto_cop,fecha_vencimiento,proveedor
P00004,C00004,2026-01-31,Vida,42000,2026-03-02,Aseguradora externa simulada
P00005,C00005,2026-07-26,SOAT,365000,2027-07-26,Aseguradora externa simulada
P00006,C00008,2026-08-24,Mascotas,31000,2026-09-23,Aseguradora externa simulada
P00007,C00011,2026-05-11,Hogar,38000,2026-06-10,Aseguradora externa simulada
P00008,C00013,2026-07-16,Mascotas,31000,2026-08-15,Aseguradora externa simulada
P00009,C00019,2026-07-12,SOAT,365000,2027-07-12,Aseguradora externa simulada
P00010,C00025,2026-05-12,Vida,42000,2026-06-11,Aseguradora externa simulada
P00011,C00026,2025-11-26,SOAT,365000,2026-11-26,Aseguradora externa simulada
P00012,C00027,2026-06-17,SOAT,365000,2027-06-17,Aseguradora externa simulada
P00013,C00036,2026-09-13,SOAT,365000,2027-09-13,Aseguradora externa simulada
P00014,C00040,2026-08-27,SOAT,365000,2027-08-27,Aseguradora externa simulada
P00015,C00051,2026-04-18,SOAT,365000,2027-04-18,Aseguradora externa simulada
P00016,C00054,2026-03-03,Vida,42000,2026-04-02,Aseguradora externa simulada
P00017,C00088,2026-08-16,SOAT,365000,2027-08-16,Aseguradora externa simulada
P00018,C00098,2026-07-20,SOAT,365000,2027-07-20,Aseguradora externa simulada
P00019,C00104,2026-05-10,SOAT,365000,2027-05-10,Aseguradora externa simulada
P00020,C00112,2026-01-29,Hogar,38000,2026-02-28,Aseguradora externa simulada
P00021,C00122,2026-05-03,Vida,42000,2026-06-02,Aseguradora externa simulada
P00022,C00131,2025-12-13,SOAT,365000,2026-12-13,Aseguradora externa simulada
P00023,C00133,2026-01-26,SOAT,365000,2027-01-26,Aseguradora externa simulada
P00024,C00136,2026-02-05,Vida,42000,2026-03-07,Aseguradora externa simulada
P00025,C00138,2026-05-31,Vida,42000,2026-06-30,Aseguradora externa simulada
P00026,C00139,2026-01-17,SOAT,365000,2027-01-17,Aseguradora externa simulada
P00027,C00152,2026-08-09,SOAT,365000,2027-08-09,Aseguradora externa simulada
P00028,C00155,2026-04-01,Hogar,38000,2026-05-01,Aseguradora externa simulada
P00029,C00157,2025-12-25,Mascotas,31000,2026-01-24,Aseguradora externa simulada
P00030,C00159,2026-01-12,Hogar,38000,2026-02-11,Aseguradora externa simulada
P00031,C00160,2026-06-13,Vida,42000,2026-07-13,Aseguradora externa simulada
P00032,C00167,2026-09-08,Hogar,38000,2026-10-08,Aseguradora externa simulada
P00033,C00173,2026-08-03,SOAT,365000,2027-08-03,Aseguradora externa simulada
P00034,C00180,2026-05-29,Hogar,38000,2026-06-28,Aseguradora externa simulada
P00035,C00182,2026-02-25,Vida,42000,2026-03-27,Aseguradora externa simulada
P00036,C00186,2026-02-19,Mascotas,31000,2026-03-21,Aseguradora externa simulada
P00037,C00189,2025-12-26,SOAT,365000,2026-12-26,Aseguradora externa simulada
P00038,C00198,2026-05-20,Vida,42000,2026-06-19,Aseguradora externa simulada
P00039,C00204,2026-09-23,Hogar,38000,2026-10-23,Aseguradora externa simulada
P00040,C00210,2025-11-09,SOAT,365000,2026-11-09,Aseguradora externa simulada
P00041,C00213,2026-05-07,SOAT,365000,2027-05-07,Aseguradora externa simulada
P00042,C00218,2026-09-16,Hogar,38000,2026-10-16,Aseguradora externa simulada
P00043,C00223,2025-11-10,SOAT,365000,2026-11-10,Aseguradora externa simulada
P00044,C00224,2026-01-27,Hogar,38000,2026-02-26,Aseguradora externa simulada
P00045,C00235,2026-03-29,Vida,42000,2026-04-28,Aseguradora externa simulada
P00046,C00243,2026-10-06,Hogar,38000,2026-11-05,Aseguradora externa simulada
P00047,C00246,2026-03-24,SOAT,365000,2027-03-24,Aseguradora externa simulada
P00048,C00248,2025-12-08,SOAT,365000,2026-12-08,Aseguradora externa simulada
P00049,C00251,2026-02-27,Vida,42000,2026-03-29,Aseguradora externa simulada
P00050,C00252,2026-08-01,Vida,42000,2026-08-31,Aseguradora externa simulada
P00051,C00263,2025-11-01,Vida,42000,2025-12-01,Aseguradora externa simulada
P00052,C00264,2026-03-11,SOAT,365000,2027-03-11,Aseguradora externa simulada
P00053,C00267,2026-02-28,Mascotas,31000,2026-03-30,Aseguradora externa simulada
P00054,C00269,2026-01-24,Hogar,38000,2026-02-23,Aseguradora externa simulada
P00055,C00271,2026-05-23,Vida,42000,2026-06-22,Aseguradora externa simulada
P00056,C00272,2026-07-17,SOAT,365000,2027-07-17,Aseguradora externa simulada
P00057,C00273,2026-06-23,Hogar,38000,2026-07-23,Aseguradora externa simulada
P00058,C00284,2026-02-21,Vida,42000,2026-03-23,Aseguradora externa simulada
P00059,C00296,2026-02-24,Mascotas,31000,2026-03-26,Aseguradora externa simulada
P00060,C00302,2026-01-06,SOAT,365000,2027-01-06,Aseguradora externa simulada
P00061,C00320,2026-10-01,SOAT,365000,2027-10-01,Aseguradora externa simulada
P00062,C00325,2026-01-18,Hogar,38000,2026-02-17,Aseguradora externa simulada
P00063,C00329,2026-08-24,Vida,42000,2026-09-23,Aseguradora externa simulada
P00064,C00335,2026-04-29,Mascotas,31000,2026-05-29,Aseguradora externa simulada
P00065,C00339,2026-01-05,Vida,42000,2026-02-04,Aseguradora externa simulada
P00066,C00342,2025-12-10,Vida,42000,2026-01-09,Aseguradora externa simulada
P00067,C00344,2026-01-05,SOAT,365000,2027-01-05,Aseguradora externa simulada
P00068,C00348,2026-05-11,Hogar,38000,2026-06-10,Aseguradora externa simulada
P00069,C00349,2025-11-12,SOAT,365000,2026-11-12,Aseguradora externa simulada
P00070,C00350,2026-03-11,SOAT,365000,2027-03-11,Aseguradora externa simulada
P00071,C00357,2026-07-23,SOAT,365000,2027-07-23,Aseguradora externa simulada
P00072,C00359,2026-04-01,Hogar,38000,2026-05-01,Aseguradora externa simulada
P00073,C00361,2026-09-16,Hogar,38000,2026-10-16,Aseguradora externa simulada
P00074,C00362,2026-07-07,SOAT,365000,2027-07-07,Aseguradora externa simulada
P00075,C00368,2026-04-27,SOAT,365000,2027-04-27,Aseguradora externa simulada
P00076,C00369,2026-02-21,Vida,42000,2026-03-23,Aseguradora externa simulada
P00077,C00374,2026-05-13,SOAT,365000,2027-05-13,Aseguradora externa simulada
P00078,C00379,2026-09-23,Mascotas,31000,2026-10-23,Aseguradora externa simulada
P00079,C00382,2026-08-26,Mascotas,31000,2026-09-25,Aseguradora externa simulada
P00080,C00384,2026-02-26,SOAT,365000,2027-02-26,Aseguradora externa simulada
P00081,C00390,2026-05-21,Hogar,38000,2026-06-20,Aseguradora externa simulada
P00082,C00411,2026-06-22,Hogar,38000,2026-07-22,Aseguradora externa simulada
P00083,C00432,2026-05-23,Vida,42000,2026-06-22,Aseguradora externa simulada
P00084,C00438,2026-08-24,Vida,42000,2026-09-23,Aseguradora externa simulada
P00085,C00439,2026-09-10,Mascotas,31000,2026-10-10,Aseguradora externa simulada
P00086,C00445,2025-12-01,SOAT,365000,2026-12-01,Aseguradora externa simulada
P00087,C00453,2026-02-22,Vida,42000,2026-03-24,Aseguradora externa simulada
P00088,C00472,2026-07-11,SOAT,365000,2027-07-11,Aseguradora externa simulada
P00089,C00475,2026-01-24,SOAT,365000,2027-01-24,Aseguradora externa simulada
P00090,C00476,2026-05-12,SOAT,365000,2027-05-12,Aseguradora externa simulada
P00091,C00477,2026-08-04,SOAT,365000,2027-08-04,Aseguradora externa simulada
P00092,C00478,2026-07-20,SOAT,365000,2027-07-20,Aseguradora externa simulada
P00093,C00479,2026-09-19,Hogar,38000,2026-10-19,Aseguradora externa simulada
P00094,C00480,2026-06-09,Hogar,38000,2026-07-09,Aseguradora externa simulada
P00095,C00482,2025-12-24,Vida,42000,2026-01-23,Aseguradora externa simulada
P00096,C00485,2026-05-06,SOAT,365000,2027-05-06,Aseguradora externa simulada
P00097,C00494,2026-06-30,SOAT,365000,2027-06-30,Aseguradora externa simulada
P00098,C00495,2026-01-05,Hogar,38000,2026-02-04,Aseguradora externa simulada
P00099,C00499,2025-12-30,Hogar,38000,2026-01-29,Aseguradora externa simulada
P00100,C00501,2026-05-15,SOAT,365000,2027-05-15,Aseguradora externa simulada
P00101,C00507,2026-05-12,Hogar,38000,2026-06-11,Aseguradora externa simulada
P00102,C00508,2026-09-12,Vida,42000,2026-10-12,Aseguradora externa simulada
P00103,C00522,2026-01-11,Vida,42000,2026-02-10,Aseguradora externa simulada
P00104,C00523,2026-04-15,SOAT,365000,2027-04-15,Aseguradora externa simulada
P00105,C00535,2026-08-23,Mascotas,31000,2026-09-22,Aseguradora externa simulada
P00106,C00546,2025-12-01,SOAT,365000,2026-12-01,Aseguradora externa simulada
P00107,C00564,2026-07-13,SOAT,365000,2027-07-13,Aseguradora externa simulada
P00108,C00568,2026-03-03,Vida,42000,2026-04-02,Aseguradora externa simulada
P00109,C00575,2026-06-25,SOAT,365000,2027-06-25,Aseguradora externa simulada
P00110,C00576,2026-06-23,Mascotas,31000,2026-07-23,Aseguradora externa simulada
P00111,C00582,2025-12-29,SOAT,365000,2026-12-29,Aseguradora externa simulada
P00112,C00589,2026-05-01,SOAT,365000,2027-05-01,Aseguradora externa simulada
P00113,C00591,2026-02-20,Vida,42000,2026-03-22,Aseguradora externa simulada
P00114,C00594,2026-09-10,SOAT,365000,2027-09-10,Aseguradora externa simulada
P00115,C00595,2026-02-09,SOAT,365000,2027-02-09,Aseguradora externa simulada
P00116,C00599,2026-06-11,Hogar,38000,2026-07-11,Aseguradora externa simulada
