mes,ramo,polizas_emitidas,renovaciones,prima_promedio_cop,comision_pct,persistencia_6m,persistencia_12m,cancelacion_pct
2025-11,SOAT,237,97,365000,0.085,,,0.04
2025-11,Vida,102,46,28500,0.32,0.91,0.83,0.1
2025-11,Desempleo,72,27,32900,0.3,0.87,0.74,0.16
2025-11,Hogar,59,17,24900,0.28,0.89,0.79,0.13
2025-11,Mascotas,48,12,21900,0.27,0.85,0.71,0.18
2025-11,Viajes,38,0,78000,0.24,,,0.03
2025-12,SOAT,221,103,365000,0.085,,,0.04
2025-12,Vida,139,47,28500,0.32,0.91,0.83,0.1
2025-12,Desempleo,76,36,32900,0.3,0.87,0.74,0.16
2025-12,Hogar,55,12,24900,0.28,0.89,0.79,0.13
2025-12,Mascotas,50,14,21900,0.27,0.85,0.71,0.18
2025-12,Viajes,44,0,78000,0.24,,,0.03
2026-01,SOAT,226,47,365000,0.085,,,0.04
2026-01,Vida,129,38,28500,0.32,0.91,0.83,0.1
2026-01,Desempleo,71,33,32900,0.3,0.87,0.74,0.16
2026-01,Hogar,53,20,24900,0.28,0.89,0.79,0.13
2026-01,Mascotas,53,9,21900,0.27,0.85,0.71,0.18
2026-01,Viajes,37,0,78000,0.24,,,0.03
2026-02,SOAT,219,81,365000,0.085,,,0.04
2026-02,Vida,130,47,28500,0.32,0.91,0.83,0.1
2026-02,Desempleo,76,34,32900,0.3,0.87,0.74,0.16
2026-02,Hogar,59,21,24900,0.28,0.89,0.79,0.13
2026-02,Mascotas,47,18,21900,0.27,0.85,0.71,0.18
2026-02,Viajes,39,0,78000,0.24,,,0.03
2026-03,SOAT,206,86,365000,0.085,,,0.04
2026-03,Vida,117,48,28500,0.32,0.91,0.83,0.1
2026-03,Desempleo,78,16,32900,0.3,0.87,0.74,0.16
2026-03,Hogar,57,14,24900,0.28,0.89,0.79,0.13
2026-03,Mascotas,55,13,21900,0.27,0.85,0.71,0.18
2026-03,Viajes,40,0,78000,0.24,,,0.03
2026-04,SOAT,250,67,365000,0.085,,,0.04
2026-04,Vida,112,35,28500,0.32,0.91,0.83,0.1
2026-04,Desempleo,78,21,32900,0.3,0.87,0.74,0.16
2026-04,Hogar,58,10,24900,0.28,0.89,0.79,0.13
2026-04,Mascotas,52,13,21900,0.27,0.85,0.71,0.18
2026-04,Viajes,46,0,78000,0.24,,,0.03
2026-05,SOAT,231,44,365000,0.085,,,0.04
2026-05,Vida,138,45,28500,0.32,0.91,0.83,0.1
2026-05,Desempleo,75,22,32900,0.3,0.87,0.74,0.16
2026-05,Hogar,59,19,24900,0.28,0.89,0.79,0.13
2026-05,Mascotas,52,23,21900,0.27,0.85,0.71,0.18
2026-05,Viajes,37,0,78000,0.24,,,0.03
2026-06,SOAT,240,55,365000,0.085,,,0.04
2026-06,Vida,161,33,28500,0.32,0.91,0.83,0.1
2026-06,Desempleo,82,37,32900,0.3,0.87,0.74,0.16
2026-06,Hogar,74,25,24900,0.28,0.89,0.79,0.13
2026-06,Mascotas,58,20,21900,0.27,0.85,0.71,0.18
2026-06,Viajes,46,0,78000,0.24,,,0.03
2026-07,SOAT,279,98,365000,0.085,,,0.04
2026-07,Vida,145,40,28500,0.32,0.91,0.83,0.1
2026-07,Desempleo,85,27,32900,0.3,0.87,0.74,0.16
2026-07,Hogar,66,27,24900,0.28,0.89,0.79,0.13
2026-07,Mascotas,61,27,21900,0.27,0.85,0.71,0.18
2026-07,Viajes,47,0,78000,0.24,,,0.03
2026-08,SOAT,228,73,365000,0.085,,,0.04
2026-08,Vida,121,46,28500,0.32,0.91,0.83,0.1
2026-08,Desempleo,73,20,32900,0.3,0.87,0.74,0.16
2026-08,Hogar,68,21,24900,0.28,0.89,0.79,0.13
2026-08,Mascotas,59,16,21900,0.27,0.85,0.71,0.18
2026-08,Viajes,39,0,78000,0.24,,,0.03
2026-09,SOAT,219,74,365000,0.085,,,0.04
2026-09,Vida,143,31,28500,0.32,0.91,0.83,0.1
2026-09,Desempleo,84,23,32900,0.3,0.87,0.74,0.16
2026-09,Hogar,61,19,24900,0.28,0.89,0.79,0.13
2026-09,Mascotas,53,13,21900,0.27,0.85,0.71,0.18
2026-09,Viajes,48,0,78000,0.24,,,0.03
2026-10,SOAT,261,124,365000,0.085,,,0.04
2026-10,Vida,126,42,28500,0.32,0.91,0.83,0.1
2026-10,Desempleo,80,14,32900,0.3,0.87,0.74,0.16
2026-10,Hogar,62,18,24900,0.28,0.89,0.79,0.13
2026-10,Mascotas,60,11,21900,0.27,0.85,0.71,0.18
2026-10,Viajes,43,0,78000,0.24,,,0.03
