cliente_id,sesiones_30d,visitas_seguros_30d,notificaciones_enviadas_30d,abiertas_30d,ignoradas_30d,max_contactos_mes,latencia_eventos
C00001,13,3,0,0,0,4,Mismo día
C00002,8,1,3,1,2,4,1-5 min
C00003,6,0,1,1,0,4,1-5 min
C00004,5,2,0,0,0,4,<1 min
C00005,15,1,1,1,0,4,1-5 min
C00006,26,4,3,1,2,4,5-30 min
C00007,28,3,1,0,1,4,1-5 min
C00008,5,1,3,1,2,4,Mismo día
C00009,23,1,0,0,0,4,5-30 min
C00010,13,1,0,0,0,4,1-5 min
C00011,14,0,4,1,3,4,1-5 min
C00012,11,1,4,1,3,4,5-30 min
C00013,18,0,5,2,3,4,5-30 min
C00014,19,3,2,0,2,4,1-5 min
C00015,32,2,5,0,5,4,1-5 min
C00016,19,4,4,0,4,4,1-5 min
C00017,8,1,5,1,4,4,5-30 min
C00018,8,4,5,3,2,4,1-5 min
C00019,19,2,0,0,0,4,5-30 min
C00020,27,1,4,0,4,4,5-30 min
C00021,28,3,3,1,2,4,5-30 min
C00022,13,0,2,1,1,4,Mismo día
C00023,28,3,0,0,0,4,5-30 min
C00024,10,1,2,1,1,4,1-5 min
C00025,22,2,3,2,1,4,Mismo día
C00026,1,7,0,0,0,4,5-30 min
C00027,22,2,6,4,2,4,5-30 min
C00028,10,2,3,0,3,4,5-30 min
C00029,4,3,4,1,3,4,<1 min
C00030,21,2,2,1,1,4,1-5 min
C00031,8,0,0,0,0,4,1-5 min
C00032,9,4,5,2,3,4,5-30 min
C00033,12,0,6,2,4,4,1-5 min
C00034,12,0,1,1,0,4,1-5 min
C00035,5,4,0,0,0,4,1-5 min
C00036,23,4,0,0,0,4,1-5 min
C00037,6,2,2,2,0,4,Mismo día
C00038,28,0,3,1,2,4,5-30 min
C00039,11,2,3,2,1,4,1-5 min
C00040,27,0,0,0,0,4,<1 min
C00041,19,7,0,0,0,4,5-30 min
C00042,26,0,0,0,0,4,5-30 min
C00043,6,8,5,1,4,4,1-5 min
C00044,23,0,5,0,5,4,<1 min
C00045,14,0,2,1,1,4,1-5 min
C00046,28,1,2,1,1,4,1-5 min
C00047,11,1,0,0,0,4,1-5 min
C00048,15,1,0,0,0,4,5-30 min
C00049,12,0,5,1,4,4,5-30 min
C00050,16,4,6,1,5,4,Mismo día
C00051,1,0,2,0,2,4,1-5 min
C00052,1,3,4,1,3,4,1-5 min
C00053,28,0,3,2,1,4,1-5 min
C00054,26,1,0,0,0,4,5-30 min
C00055,13,2,0,0,0,4,1-5 min
C00056,3,1,1,0,1,4,1-5 min
C00057,9,2,1,0,1,4,5-30 min
C00058,11,2,3,0,3,4,5-30 min
C00059,23,5,3,0,3,4,1-5 min
C00060,8,0,1,0,1,4,Mismo día
C00061,10,0,3,1,2,4,1-5 min
C00062,17,1,0,0,0,4,<1 min
C00063,5,0,1,1,0,4,1-5 min
C00064,13,2,5,2,3,4,<1 min
C00065,11,2,4,0,4,4,Mismo día
C00066,13,2,1,0,1,4,<1 min
C00067,8,0,0,0,0,4,Mismo día
C00068,7,0,5,3,2,4,1-5 min
C00069,17,1,2,1,1,4,1-5 min
C00070,11,2,4,2,2,4,5-30 min
C00071,24,1,4,1,3,4,5-30 min
C00072,22,0,6,2,4,4,5-30 min
C00073,10,0,3,0,3,4,5-30 min
C00074,2,0,0,0,0,4,1-5 min
C00075,1,2,0,0,0,4,1-5 min
C00076,17,2,0,0,0,4,1-5 min
C00077,19,0,0,0,0,4,<1 min
C00078,32,0,3,0,3,4,1-5 min
C00079,9,0,1,1,0,4,1-5 min
C00080,14,0,4,0,4,4,1-5 min
C00081,16,2,1,0,1,4,1-5 min
C00082,19,0,0,0,0,4,1-5 min
C00083,9,4,2,0,2,4,1-5 min
C00084,8,0,0,0,0,4,1-5 min
C00085,10,0,4,0,4,4,5-30 min
C00086,15,2,5,1,4,4,1-5 min
C00087,14,1,6,1,5,4,<1 min
C00088,27,3,5,1,4,4,5-30 min
C00089,19,1,3,1,2,4,1-5 min
C00090,26,3,6,3,3,4,1-5 min
C00091,21,0,4,3,1,4,<1 min
C00092,4,2,0,0,0,4,<1 min
C00093,32,4,3,0,3,4,1-5 min
C00094,19,3,3,0,3,4,1-5 min
C00095,28,0,0,0,0,4,1-5 min
C00096,23,1,2,1,1,4,5-30 min
C00097,14,5,0,0,0,4,1-5 min
C00098,9,0,4,1,3,4,Mismo día
C00099,1,2,6,3,3,4,<1 min
C00100,26,0,1,1,0,4,Mismo día
C00101,14,2,5,0,5,4,1-5 min
C00102,13,2,3,1,2,4,<1 min
C00103,13,2,6,4,2,4,1-5 min
C00104,9,0,3,3,0,4,1-5 min
C00105,16,2,4,0,4,4,1-5 min
C00106,1,4,2,1,1,4,<1 min
C00107,16,0,1,0,1,4,<1 min
C00108,13,0,0,0,0,4,5-30 min
C00109,3,3,0,0,0,4,1-5 min
C00110,20,2,0,0,0,4,Mismo día
C00111,27,0,3,1,2,4,1-5 min
C00112,4,2,0,0,0,4,Mismo día
C00113,18,3,1,1,0,4,Mismo día
C00114,8,6,1,0,1,4,5-30 min
C00115,14,6,0,0,0,4,1-5 min
C00116,7,3,0,0,0,4,1-5 min
C00117,6,7,0,0,0,4,5-30 min
C00118,1,1,5,5,0,4,1-5 min
C00119,10,0,3,2,1,4,1-5 min
C00120,8,5,3,1,2,4,5-30 min
C00121,8,4,4,0,4,4,Mismo día
C00122,26,1,5,1,4,4,1-5 min
C00123,28,0,0,0,0,4,<1 min
C00124,13,0,0,0,0,4,1-5 min
C00125,2,1,0,0,0,4,Mismo día
C00126,12,3,6,3,3,4,Mismo día
C00127,7,1,4,1,3,4,5-30 min
C00128,25,0,3,1,2,4,Mismo día
C00129,27,4,3,0,3,4,1-5 min
C00130,4,0,0,0,0,4,5-30 min
C00131,25,1,0,0,0,4,1-5 min
C00132,27,0,0,0,0,4,1-5 min
C00133,9,1,1,0,1,4,<1 min
C00134,29,2,6,1,5,4,5-30 min
C00135,11,3,0,0,0,4,<1 min
C00136,32,8,5,0,5,4,1-5 min
C00137,25,0,4,0,4,4,1-5 min
C00138,2,1,0,0,0,4,5-30 min
C00139,25,0,0,0,0,4,5-30 min
C00140,16,1,4,1,3,4,<1 min
C00141,13,1,0,0,0,4,1-5 min
C00142,16,1,0,0,0,4,Mismo día
C00143,36,3,5,1,4,4,5-30 min
C00144,14,4,6,2,4,4,1-5 min
C00145,15,1,6,1,5,4,Mismo día
C00146,25,3,5,0,5,4,1-5 min
C00147,18,5,1,0,1,4,1-5 min
C00148,12,0,5,1,4,4,<1 min
C00149,25,0,2,2,0,4,5-30 min
C00150,4,5,6,1,5,4,5-30 min
C00151,13,2,2,1,1,4,5-30 min
C00152,15,3,0,0,0,4,5-30 min
C00153,26,4,5,1,4,4,Mismo día
C00154,11,1,5,2,3,4,1-5 min
C00155,30,4,5,3,2,4,1-5 min
C00156,8,5,2,1,1,4,Mismo día
C00157,5,1,6,1,5,4,1-5 min
C00158,16,4,2,2,0,4,Mismo día
C00159,13,2,0,0,0,4,5-30 min
C00160,14,1,3,1,2,4,Mismo día
C00161,25,3,0,0,0,4,5-30 min
C00162,28,0,6,1,5,4,1-5 min
C00163,9,3,4,0,4,4,5-30 min
C00164,9,0,1,0,1,4,<1 min
C00165,17,4,3,1,2,4,Mismo día
C00166,21,3,2,0,2,4,1-5 min
C00167,19,2,0,0,0,4,5-30 min
C00168,4,0,1,0,1,4,1-5 min
C00169,2,0,0,0,0,4,5-30 min
C00170,12,0,6,1,5,4,1-5 min
C00171,21,0,0,0,0,4,1-5 min
C00172,9,0,1,1,0,4,<1 min
C00173,12,5,2,1,1,4,1-5 min
C00174,4,3,2,2,0,4,5-30 min
C00175,17,2,0,0,0,4,5-30 min
C00176,24,2,1,0,1,4,5-30 min
C00177,19,2,2,2,0,4,1-5 min
C00178,9,1,0,0,0,4,1-5 min
C00179,1,2,3,1,2,4,5-30 min
C00180,21,0,0,0,0,4,5-30 min
C00181,8,1,3,1,2,4,5-30 min
C00182,15,3,4,1,3,4,<1 min
C00183,6,0,0,0,0,4,5-30 min
C00184,10,2,0,0,0,4,5-30 min
C00185,25,2,5,2,3,4,1-5 min
C00186,19,0,3,3,0,4,5-30 min
C00187,13,1,2,0,2,4,<1 min
C00188,17,0,5,1,4,4,1-5 min
C00189,21,0,3,2,1,4,Mismo día
C00190,14,0,3,0,3,4,5-30 min
C00191,1,0,6,1,5,4,5-30 min
C00192,15,0,5,0,5,4,5-30 min
C00193,11,4,2,0,2,4,1-5 min
C00194,13,4,4,3,1,4,Mismo día
C00195,4,3,1,1,0,4,1-5 min
C00196,24,0,0,0,0,4,<1 min
C00197,23,0,2,0,2,4,1-5 min
C00198,11,2,3,1,2,4,1-5 min
C00199,5,2,6,2,4,4,<1 min
C00200,31,2,0,0,0,4,<1 min
C00201,19,2,3,2,1,4,1-5 min
C00202,29,0,3,2,1,4,1-5 min
C00203,22,1,0,0,0,4,<1 min
C00204,22,0,4,2,2,4,5-30 min
C00205,14,0,1,0,1,4,1-5 min
C00206,1,2,5,1,4,4,1-5 min
C00207,12,3,5,1,4,4,1-5 min
C00208,1,6,3,0,3,4,1-5 min
C00209,24,4,3,1,2,4,5-30 min
C00210,16,1,1,1,0,4,1-5 min
C00211,22,1,6,5,1,4,<1 min
C00212,18,0,5,2,3,4,1-5 min
C00213,13,3,3,2,1,4,1-5 min
C00214,11,1,2,0,2,4,1-5 min
C00215,25,0,5,2,3,4,1-5 min
C00216,17,2,2,0,2,4,<1 min
C00217,12,4,6,2,4,4,5-30 min
C00218,6,2,3,1,2,4,5-30 min
C00219,18,3,5,1,4,4,1-5 min
C00220,28,0,4,2,2,4,5-30 min
C00221,29,0,3,1,2,4,Mismo día
C00222,5,4,3,1,2,4,1-5 min
C00223,38,4,5,0,5,4,<1 min
C00224,3,0,0,0,0,4,5-30 min
C00225,15,3,6,3,3,4,1-5 min
C00226,33,4,1,1,0,4,1-5 min
C00227,12,1,5,2,3,4,5-30 min
C00228,6,4,0,0,0,4,1-5 min
C00229,23,3,5,1,4,4,5-30 min
C00230,8,0,4,1,3,4,1-5 min
C00231,15,0,3,0,3,4,5-30 min
C00232,20,1,5,3,2,4,<1 min
C00233,4,4,3,0,3,4,5-30 min
C00234,21,0,2,1,1,4,1-5 min
C00235,13,1,0,0,0,4,5-30 min
C00236,9,0,4,0,4,4,5-30 min
C00237,18,1,4,2,2,4,<1 min
C00238,16,0,5,1,4,4,1-5 min
C00239,17,0,6,1,5,4,5-30 min
C00240,11,0,0,0,0,4,<1 min
C00241,20,4,0,0,0,4,5-30 min
C00242,15,3,6,3,3,4,1-5 min
C00243,13,0,0,0,0,4,Mismo día
C00244,10,3,5,2,3,4,5-30 min
C00245,13,4,6,2,4,4,5-30 min
C00246,5,1,2,0,2,4,1-5 min
C00247,25,2,5,1,4,4,1-5 min
C00248,6,0,3,2,1,4,5-30 min
C00249,13,3,2,1,1,4,1-5 min
C00250,10,0,1,0,1,4,5-30 min
C00251,4,5,2,1,1,4,5-30 min
C00252,11,5,3,2,1,4,5-30 min
C00253,19,0,0,0,0,4,5-30 min
C00254,17,1,4,1,3,4,5-30 min
C00255,6,4,4,2,2,4,Mismo día
C00256,16,1,0,0,0,4,5-30 min
C00257,11,0,6,4,2,4,5-30 min
C00258,13,2,5,2,3,4,1-5 min
C00259,18,4,2,2,0,4,5-30 min
C00260,25,5,3,1,2,4,Mismo día
C00261,21,4,2,0,2,4,5-30 min
C00262,17,0,0,0,0,4,1-5 min
C00263,12,2,4,3,1,4,Mismo día
C00264,10,2,0,0,0,4,<1 min
C00265,6,0,1,1,0,4,5-30 min
C00266,8,3,4,2,2,4,5-30 min
C00267,1,0,0,0,0,4,5-30 min
C00268,28,0,5,2,3,4,5-30 min
C00269,12,0,0,0,0,4,1-5 min
C00270,7,3,4,1,3,4,<1 min
C00271,20,1,5,1,4,4,1-5 min
C00272,13,1,5,1,4,4,Mismo día
C00273,20,1,1,0,1,4,<1 min
C00274,13,4,6,4,2,4,5-30 min
C00275,29,0,3,2,1,4,Mismo día
C00276,18,3,1,0,1,4,5-30 min
C00277,20,2,4,2,2,4,<1 min
C00278,21,2,0,0,0,4,1-5 min
C00279,16,3,4,0,4,4,1-5 min
C00280,15,5,6,2,4,4,5-30 min
C00281,10,5,5,4,1,4,1-5 min
C00282,16,2,0,0,0,4,Mismo día
C00283,5,3,0,0,0,4,1-5 min
C00284,22,3,2,1,1,4,5-30 min
C00285,9,1,5,2,3,4,Mismo día
C00286,9,1,6,2,4,4,1-5 min
C00287,14,2,4,1,3,4,1-5 min
C00288,18,1,1,0,1,4,5-30 min
C00289,3,1,0,0,0,4,1-5 min
C00290,24,2,0,0,0,4,5-30 min
C00291,8,0,1,1,0,4,5-30 min
C00292,13,0,0,0,0,4,<1 min
C00293,18,2,0,0,0,4,<1 min
C00294,7,1,3,0,3,4,1-5 min
C00295,14,0,6,4,2,4,5-30 min
C00296,20,0,2,0,2,4,<1 min
C00297,15,1,0,0,0,4,1-5 min
C00298,4,0,0,0,0,4,1-5 min
C00299,11,1,1,0,1,4,1-5 min
C00300,25,0,1,0,1,4,<1 min
C00301,3,0,3,1,2,4,<1 min
C00302,20,0,0,0,0,4,<1 min
C00303,11,0,3,1,2,4,5-30 min
C00304,16,0,2,0,2,4,1-5 min
C00305,26,2,2,1,1,4,1-5 min
C00306,16,0,2,2,0,4,5-30 min
C00307,15,1,6,1,5,4,5-30 min
C00308,18,0,5,1,4,4,1-5 min
C00309,4,2,2,1,1,4,<1 min
C00310,10,2,1,0,1,4,5-30 min
C00311,19,3,5,1,4,4,Mismo día
C00312,11,0,3,0,3,4,5-30 min
C00313,11,5,0,0,0,4,5-30 min
C00314,11,0,3,0,3,4,<1 min
C00315,8,0,0,0,0,4,Mismo día
C00316,15,3,2,2,0,4,<1 min
C00317,11,1,0,0,0,4,5-30 min
C00318,16,3,0,0,0,4,1-5 min
C00319,1,2,3,1,2,4,1-5 min
C00320,15,0,4,2,2,4,<1 min
C00321,20,1,2,1,1,4,1-5 min
C00322,16,1,2,0,2,4,Mismo día
C00323,9,2,0,0,0,4,<1 min
C00324,17,2,0,0,0,4,<1 min
C00325,21,1,0,0,0,4,5-30 min
C00326,14,0,2,0,2,4,Mismo día
C00327,8,3,6,1,5,4,1-5 min
C00328,24,1,0,0,0,4,5-30 min
C00329,17,0,3,1,2,4,<1 min
C00330,15,3,5,2,3,4,1-5 min
C00331,28,1,4,0,4,4,Mismo día
C00332,33,1,0,0,0,4,<1 min
C00333,13,3,6,0,6,4,1-5 min
C00334,18,5,5,3,2,4,<1 min
C00335,26,0,0,0,0,4,5-30 min
C00336,19,4,1,0,1,4,<1 min
C00337,17,2,0,0,0,4,5-30 min
C00338,1,1,0,0,0,4,1-5 min
C00339,27,0,6,2,4,4,<1 min
C00340,9,3,1,1,0,4,<1 min
C00341,2,0,0,0,0,4,1-5 min
C00342,26,2,1,1,0,4,5-30 min
C00343,10,0,2,0,2,4,5-30 min
C00344,12,4,2,1,1,4,5-30 min
C00345,7,5,5,1,4,4,1-5 min
C00346,16,1,0,0,0,4,5-30 min
C00347,17,4,5,4,1,4,Mismo día
C00348,29,0,4,2,2,4,5-30 min
C00349,4,0,6,2,4,4,1-5 min
C00350,16,2,3,2,1,4,1-5 min
C00351,20,3,0,0,0,4,<1 min
C00352,26,3,1,0,1,4,1-5 min
C00353,10,4,6,3,3,4,Mismo día
C00354,11,2,0,0,0,4,Mismo día
C00355,10,0,2,1,1,4,5-30 min
C00356,7,5,0,0,0,4,1-5 min
C00357,17,4,6,2,4,4,5-30 min
C00358,14,1,0,0,0,4,5-30 min
C00359,19,2,6,4,2,4,1-5 min
C00360,13,0,2,1,1,4,1-5 min
C00361,8,1,0,0,0,4,Mismo día
C00362,23,2,5,1,4,4,1-5 min
C00363,24,1,0,0,0,4,Mismo día
C00364,11,1,4,2,2,4,Mismo día
C00365,12,0,1,1,0,4,1-5 min
C00366,24,5,0,0,0,4,1-5 min
C00367,20,3,0,0,0,4,1-5 min
C00368,27,3,3,0,3,4,1-5 min
C00369,3,0,0,0,0,4,1-5 min
C00370,5,1,3,2,1,4,<1 min
C00371,19,1,0,0,0,4,5-30 min
C00372,19,2,0,0,0,4,1-5 min
C00373,8,2,5,1,4,4,Mismo día
C00374,6,3,3,2,1,4,1-5 min
C00375,15,0,4,2,2,4,<1 min
C00376,6,1,0,0,0,4,1-5 min
C00377,14,0,2,1,1,4,1-5 min
C00378,16,1,4,0,4,4,5-30 min
C00379,17,1,4,1,3,4,5-30 min
C00380,16,2,1,1,0,4,<1 min
C00381,15,3,3,1,2,4,1-5 min
C00382,14,1,0,0,0,4,1-5 min
C00383,32,1,1,0,1,4,<1 min
C00384,22,0,0,0,0,4,1-5 min
C00385,1,1,1,0,1,4,Mismo día
C00386,1,5,6,1,5,4,1-5 min
C00387,17,0,0,0,0,4,<1 min
C00388,9,2,4,1,3,4,1-5 min
C00389,1,3,1,1,0,4,5-30 min
C00390,7,0,3,0,3,4,5-30 min
C00391,7,1,0,0,0,4,1-5 min
C00392,16,3,5,1,4,4,5-30 min
C00393,11,3,1,0,1,4,1-5 min
C00394,16,0,3,0,3,4,5-30 min
C00395,12,3,1,1,0,4,1-5 min
C00396,22,1,4,2,2,4,<1 min
C00397,11,0,0,0,0,4,Mismo día
C00398,10,3,0,0,0,4,1-5 min
C00399,13,0,2,1,1,4,1-5 min
C00400,16,4,4,1,3,4,5-30 min
C00401,27,0,0,0,0,4,1-5 min
C00402,27,2,0,0,0,4,5-30 min
C00403,17,4,6,2,4,4,1-5 min
C00404,25,1,6,3,3,4,5-30 min
C00405,16,3,4,1,3,4,1-5 min
C00406,16,0,1,0,1,4,5-30 min
C00407,22,0,2,1,1,4,5-30 min
C00408,12,3,4,1,3,4,1-5 min
C00409,14,0,0,0,0,4,1-5 min
C00410,1,4,0,0,0,4,5-30 min
C00411,25,0,6,1,5,4,1-5 min
C00412,6,2,5,2,3,4,<1 min
C00413,17,0,1,0,1,4,1-5 min
C00414,10,0,0,0,0,4,5-30 min
C00415,8,0,1,1,0,4,1-5 min
C00416,24,0,6,1,5,4,<1 min
C00417,13,0,5,1,4,4,1-5 min
C00418,9,0,2,1,1,4,Mismo día
C00419,27,3,2,1,1,4,Mismo día
C00420,27,1,2,2,0,4,1-5 min
C00421,9,3,0,0,0,4,<1 min
C00422,10,1,0,0,0,4,1-5 min
C00423,19,1,0,0,0,4,1-5 min
C00424,1,1,4,1,3,4,5-30 min
C00425,11,3,3,1,2,4,1-5 min
C00426,16,1,5,2,3,4,1-5 min
C00427,30,1,0,0,0,4,<1 min
C00428,1,7,0,0,0,4,5-30 min
C00429,31,3,4,1,3,4,1-5 min
C00430,11,2,2,1,1,4,Mismo día
C00431,14,2,3,0,3,4,Mismo día
C00432,35,1,2,2,0,4,1-5 min
C00433,21,2,6,1,5,4,Mismo día
C00434,14,3,3,0,3,4,<1 min
C00435,16,1,6,1,5,4,Mismo día
C00436,1,9,0,0,0,4,Mismo día
C00437,20,3,3,1,2,4,<1 min
C00438,7,2,0,0,0,4,5-30 min
C00439,1,0,2,2,0,4,1-5 min
C00440,24,0,0,0,0,4,1-5 min
C00441,16,2,4,1,3,4,5-30 min
C00442,11,1,0,0,0,4,<1 min
C00443,26,1,3,0,3,4,1-5 min
C00444,18,0,6,2,4,4,1-5 min
C00445,32,0,1,0,1,4,Mismo día
C00446,14,0,0,0,0,4,1-5 min
C00447,11,2,1,0,1,4,1-5 min
C00448,9,6,1,0,1,4,Mismo día
C00449,1,0,6,1,5,4,1-5 min
C00450,22,1,6,3,3,4,Mismo día
C00451,1,0,0,0,0,4,5-30 min
C00452,14,2,4,3,1,4,<1 min
C00453,28,0,0,0,0,4,<1 min
C00454,23,1,3,0,3,4,1-5 min
C00455,4,2,5,0,5,4,5-30 min
C00456,3,6,3,1,2,4,5-30 min
C00457,12,4,1,0,1,4,<1 min
C00458,30,0,1,1,0,4,5-30 min
C00459,14,5,6,0,6,4,Mismo día
C00460,1,0,5,2,3,4,5-30 min
C00461,20,0,6,4,2,4,1-5 min
C00462,18,0,0,0,0,4,<1 min
C00463,24,1,3,3,0,4,5-30 min
C00464,19,0,5,2,3,4,5-30 min
C00465,24,0,0,0,0,4,1-5 min
C00466,10,0,3,2,1,4,5-30 min
C00467,20,4,0,0,0,4,5-30 min
C00468,26,2,2,2,0,4,1-5 min
C00469,14,0,6,5,1,4,1-5 min
C00470,26,0,5,2,3,4,Mismo día
C00471,5,2,1,0,1,4,5-30 min
C00472,16,4,4,1,3,4,1-5 min
C00473,16,1,1,0,1,4,Mismo día
C00474,1,1,2,0,2,4,<1 min
C00475,15,0,5,3,2,4,5-30 min
C00476,4,0,4,3,1,4,<1 min
C00477,12,0,3,0,3,4,1-5 min
C00478,22,3,3,0,3,4,5-30 min
C00479,22,1,4,1,3,4,1-5 min
C00480,13,0,0,0,0,4,1-5 min
C00481,19,0,6,1,5,4,1-5 min
C00482,17,3,4,3,1,4,1-5 min
C00483,17,3,1,1,0,4,1-5 min
C00484,16,1,4,2,2,4,1-5 min
C00485,20,2,0,0,0,4,1-5 min
C00486,13,0,5,1,4,4,1-5 min
C00487,9,2,6,3,3,4,<1 min
C00488,6,0,0,0,0,4,1-5 min
C00489,1,0,2,0,2,4,1-5 min
C00490,2,1,3,2,1,4,5-30 min
C00491,23,2,0,0,0,4,5-30 min
C00492,17,5,5,3,2,4,5-30 min
C00493,22,5,6,1,5,4,1-5 min
C00494,25,1,3,0,3,4,1-5 min
C00495,9,2,3,0,3,4,1-5 min
C00496,17,4,0,0,0,4,1-5 min
C00497,15,2,0,0,0,4,1-5 min
C00498,19,7,4,2,2,4,1-5 min
C00499,12,1,0,0,0,4,1-5 min
C00500,14,3,1,0,1,4,1-5 min
C00501,10,3,3,0,3,4,<1 min
C00502,13,0,2,1,1,4,Mismo día
C00503,22,4,1,0,1,4,5-30 min
C00504,13,2,4,1,3,4,1-5 min
C00505,7,1,1,0,1,4,1-5 min
C00506,1,2,6,2,4,4,Mismo día
C00507,15,2,5,1,4,4,<1 min
C00508,30,0,4,1,3,4,<1 min
C00509,25,4,1,0,1,4,Mismo día
C00510,12,1,2,0,2,4,5-30 min
C00511,21,2,6,2,4,4,<1 min
C00512,14,3,2,0,2,4,5-30 min
C00513,5,0,1,0,1,4,5-30 min
C00514,8,2,1,0,1,4,1-5 min
C00515,13,0,2,1,1,4,Mismo día
C00516,18,4,2,2,0,4,1-5 min
C00517,18,6,0,0,0,4,5-30 min
C00518,12,3,0,0,0,4,5-30 min
C00519,5,4,4,2,2,4,5-30 min
C00520,23,2,0,0,0,4,5-30 min
C00521,1,0,6,1,5,4,5-30 min
C00522,8,8,3,1,2,4,5-30 min
C00523,21,0,3,1,2,4,1-5 min
C00524,17,2,4,1,3,4,<1 min
C00525,15,3,1,0,1,4,5-30 min
C00526,15,0,1,1,0,4,5-30 min
C00527,19,0,3,0,3,4,<1 min
C00528,10,1,3,1,2,4,<1 min
C00529,8,0,2,2,0,4,1-5 min
C00530,8,1,4,1,3,4,Mismo día
C00531,7,2,0,0,0,4,1-5 min
C00532,2,0,0,0,0,4,1-5 min
C00533,8,0,0,0,0,4,<1 min
C00534,17,1,5,1,4,4,Mismo día
C00535,15,1,0,0,0,4,<1 min
C00536,6,2,6,2,4,4,<1 min
C00537,15,1,6,3,3,4,1-5 min
C00538,3,4,6,1,5,4,<1 min
C00539,23,0,0,0,0,4,5-30 min
C00540,6,2,0,0,0,4,5-30 min
C00541,10,3,3,1,2,4,1-5 min
C00542,20,2,2,1,1,4,<1 min
C00543,14,2,5,3,2,4,1-5 min
C00544,4,2,2,0,2,4,1-5 min
C00545,9,4,2,1,1,4,Mismo día
C00546,13,4,1,1,0,4,1-5 min
C00547,1,2,3,3,0,4,1-5 min
C00548,3,2,1,1,0,4,1-5 min
C00549,9,1,3,2,1,4,5-30 min
C00550,11,0,2,0,2,4,Mismo día
C00551,14,2,1,1,0,4,1-5 min
C00552,24,1,6,2,4,4,5-30 min
C00553,12,2,6,2,4,4,Mismo día
C00554,1,3,2,0,2,4,Mismo día
C00555,15,1,6,2,4,4,5-30 min
C00556,25,2,1,1,0,4,Mismo día
C00557,6,2,6,1,5,4,Mismo día
C00558,14,3,5,2,3,4,5-30 min
C00559,1,1,0,0,0,4,1-5 min
C00560,7,0,4,3,1,4,<1 min
C00561,1,2,0,0,0,4,<1 min
C00562,8,3,2,1,1,4,1-5 min
C00563,16,1,3,1,2,4,<1 min
C00564,16,2,1,0,1,4,<1 min
C00565,12,0,1,0,1,4,Mismo día
C00566,1,1,0,0,0,4,5-30 min
C00567,10,3,3,1,2,4,5-30 min
C00568,12,3,0,0,0,4,Mismo día
C00569,4,3,2,0,2,4,1-5 min
C00570,30,3,2,1,1,4,<1 min
C00571,21,3,6,3,3,4,5-30 min
C00572,10,4,3,1,2,4,1-5 min
C00573,10,2,3,2,1,4,5-30 min
C00574,7,3,3,1,2,4,5-30 min
C00575,14,0,4,1,3,4,5-30 min
C00576,15,2,3,1,2,4,<1 min
C00577,14,1,4,0,4,4,1-5 min
C00578,17,5,0,0,0,4,<1 min
C00579,17,0,5,2,3,4,<1 min
C00580,15,2,5,0,5,4,1-5 min
C00581,15,0,6,1,5,4,1-5 min
C00582,19,4,5,2,3,4,5-30 min
C00583,10,3,1,0,1,4,1-5 min
C00584,13,0,0,0,0,4,1-5 min
C00585,6,1,0,0,0,4,Mismo día
C00586,16,5,0,0,0,4,1-5 min
C00587,4,3,5,1,4,4,Mismo día
C00588,24,3,4,1,3,4,1-5 min
C00589,9,1,1,0,1,4,Mismo día
C00590,13,4,0,0,0,4,Mismo día
C00591,34,2,5,1,4,4,<1 min
C00592,16,3,3,0,3,4,1-5 min
C00593,13,4,0,0,0,4,5-30 min
C00594,17,4,2,0,2,4,1-5 min
C00595,24,0,3,2,1,4,5-30 min
C00596,8,2,2,0,2,4,Mismo día
C00597,30,5,3,0,3,4,5-30 min
C00598,19,4,3,2,1,4,1-5 min
C00599,5,1,4,3,1,4,Mismo día
C00600,8,1,0,0,0,4,Mismo día
